No.,x,y,z,scale_x,scale_y,scale_z,rot_x,rot_y,rot_z,rot_w,color_r,color_g,color_b,opacity,depth
0,-3.77226,-0.349359,-0.812926,0.0527747,0.0386333,3.07906e-05,0.972424,0.0811399,-0.178375,-0.126455,0.868261,0.959774,0.834153,0.035196,0.279543
1,-0.428494,0.841678,0.725192,0.0104038,0.0024428,0.000543494,0.756802,0.0670318,-0.642073,-0.102468,1.04046,1.07704,1.16007,0.0417482,0.289118
2,3.0022,-3.20646,-4.23235,0.0196732,0.0622619,0.0101858,0.0227396,0.347384,0.939073,0.13263,0.451933,0.845324,1.14163,0.01063,0.294039
3,-0.666899,-0.976473,-0.67654,0.0258024,0.000549775,0.0214024,0.0451566,-0.121065,0.332177,0.986053,0.531141,0.425552,0.551903,0.0189314,0.298328
4,-0.519024,-1.42426,-1.64247,0.00220137,0.000635447,0.0134099,0.021362,0.218838,0.120456,0.971502,0.998036,0.904124,1.32912,0.132724,0.306626
5,0.947069,2.55738,1.90449,0.000610953,0.0326004,0.00633156,0.946658,-0.149457,-0.268054,-0.0982245,1.10142,1.09295,0.782807,0.0377219,0.313006
6,0.719864,-0.785827,0.414646,0.0206174,0.00271201,0.000893258,0.839243,-0.0101241,-0.334241,-0.428778,1.30887,1.00849,0.766949,0.452664,0.318314
7,0.638668,-0.987158,-2.98573,0.00611489,0.000923739,0.0670325,-0.0355127,0.787385,-0.447282,-0.40428,0.585555,0.402611,0.849142,0.15159,0.32587
8,-0.686584,-1.24802,-1.18087,0.0100195,7.03324e-05,0.00015963,-0.092703,0.456077,0.893217,-0.186658,0,0,0.0508406,0.995884,0.327438
9,0.67641,0.534108,-0.0355608,0.00184875,0.000651508,0.00424707,0.119541,-0.0796855,0.885864,-0.143956,0.328233,0.287774,0.345851,0.0567037,0.331696
10,-1.55733,0.702833,-8.41552,0.0262977,0.0902193,0.145642,0.885403,-0.00518697,-0.220773,-0.409016,0.353923,0.630714,6.19608,0.172372,0.341336
11,7.16159,-0.428097,-0.904666,0.0167751,0.00106184,0.0206267,-0.063484,-0.0879206,0.0255351,0.932346,0.754767,0.794858,0.838556,0.0891681,0.34921
12,4.1942,-0.948539,2.53288,0.000464879,0.0462454,0.045844,0.0876861,0.0942491,0.015727,0.901494,1.17287,1.51128,1.56896,0.0459936,0.354971
13,0.810872,-0.283079,0.0232482,0.021764,0.00829554,0.000253044,0.340032,-0.323051,0.167598,0.993442,0.462594,0.478385,0.412313,0.0407448,0.363771
14,0.881603,0.753117,1.96905,0.000174352,0.0251701,0.000738625,-0.152046,-0.0161331,0.921734,0.29104,1.07472,0.982997,1.23857,0.0158357,0.376804
15,-0.0548238,1.55524,2.54209,0.0190464,0.000608779,0.00543157,-0.248993,-0.121701,-0.0636293,0.906875,0.598544,0.43905,0.0960207,0.0491978,0.380979
16,-0.0843021,-0.236886,-0.221933,0.00159106,0.0118546,0.0195141,0.0304957,0.0115076,0.637952,-0.0181097,0.113799,0.437428,0.655767,0.00391451,0.383319
17,0.509975,1.27469,1.7659,0.000543812,0.0036474,0.000378154,0.722152,-0.350218,0.240969,-0.54569,1.25502,1.01544,1.06418,0.0493608,0.388962
18,-1.48435,1.95004,0.0582203,0.00242493,0.0366737,0.00335712,-0.49524,0.0315397,0.936844,-0.253981,0.994775,0.969276,0.752908,0.0874361,0.392698
19,-1.32932,-0.193814,0.58718,0.000497757,0.0709002,0.0078005,0.0474718,-0.178298,0.97388,-0.146885,0.742071,2.59661e-42,11.2979,0.103649,0.394652
20,-0.770922,0.959399,1.11937,7.67427e-05,0.0136562,0.00144199,0.925113,-0.204891,-0.00940714,0.319527,0.749569,0.914397,1.09376,0.00389933,0.397835
21,0.26825,0.627998,-0.490407,0.00447687,0.000157515,0.0119268,0.229251,0.0359344,0.487724,0.863647,0.482583,0.389825,0.402131,0.0161945,0.400874
22,11.6164,43.5177,-49.664,0.00101259,0.297854,0.174272,0.912636,0.357388,-0.0488449,0.19231,0.778615,2.59941e-42,7.11389,0.00392141,0.401084
23,1.13202,-0.661896,0.871988,0.000684465,0.00766675,7.36576e-05,0.588506,0.208942,0.777693,-0.0721018,1.13352,0.66153,0.71143,0.053263,0.40351
24,-1.62442,0.652612,-1.53481,0.000105202,0.00184606,0.00298134,0.0350032,0.809449,-0.00814342,-0.57516,0.550512,0.523397,0.548339,0.00963075,0.40445
25,-1.69159,-0.125764,0.0602885,0.00164288,0.00899033,0.00044083,-0.277498,0.17986,0.963769,-0.0366993,0.577228,0.643894,0.654351,0.0197405,0.409969
26,13.6886,0.16102,5.36665,0.000779721,0.0720734,0.00158409,0.944834,-0.0741377,-0.105506,-0.301099,4.42588,2.57419e-42,4.42736,0.033012,0.414667
27,-0.283059,-1.76215,-3.31714,0.00503275,0.000948058,0.000579839,0.0129776,0.991995,-0.0539431,0.0784044,0.348605,0.309416,0.154884,0.272139,0.417379
28,-7.10309,0.656906,1.08172,0.00417507,0.000570081,0.0174137,0.729818,-0.240087,-0.400114,0.499632,0.17607,0,0,0.00391326,0.4181
29,2.18518,-4.33802,0.81164,0.0219556,0.0188901,0.00110354,-0.0432561,0.0685725,-0.460512,0.993759,0.326957,1.07307,0.990609,0.00551897,0.42151
30,-0.423313,1.00223,-1.80535,0.0226985,0.00133146,0.0153829,0.030004,0.958789,0.0679489,-0.260962,0.943992,0.840063,0.105875,0.0381614,0.427175
31,-25.7266,-61.1256,65.3812,0.0323108,0.0242045,0.00440984,-0.314963,-0.127075,-0.162458,0.980037,2.60081e-42,6.29797,2.60081e-42,0.0200898,0.431837
32,-0.869152,0.968129,0.393234,0.00609783,0.00418568,0.00860788,-0.0611901,-0.0211657,0.958321,0.137714,0,1.0941,1.03956,0.0382476,0.436958
33,-2.29198,-0.367245,0.756775,0.0350759,0.0239306,0.00978543,0.903002,-0.0605884,0.411379,0.108094,6.11408,0.0309773,0.00719786,0.714488,0.439123
34,0.0465666,-0.276622,0.0178667,0.00391695,0.0183424,0.0200184,-0.121979,0.93887,0.0195269,0.187189,0.432798,0.719401,0.685372,0.00391263,0.440078
35,-0.21405,2.12481,0.0393358,0.0181849,0.00018066,0.00629196,0.740212,-0.396959,0.39071,-0.376637,1.11951,0.325062,0.264742,0.0237244,0.442806
36,-0.0224948,-1.73602,-0.145586,0.00141274,0.00148043,0.0190319,0.935675,-0.14175,0.262061,0.189059,0.30747,0.618307,0.724156,0.333678,0.443076
37,0.298136,-4.1248,0.842875,0.00140086,0.0381364,0.000525487,0.302868,-0.349568,0.0576007,0.971952,1.48076,1.3916,1.38736,0.613765,0.448077
38,1.34058,0.924758,0.731707,0.000850671,0.00878304,0.000638217,0.0176446,0.00411846,0.970675,-0.0217701,0.586974,0.899484,0.861987,0.100234,0.449105
39,-67.3241,66.4318,-38.2689,0.0766861,0.105062,0.0451836,-0.151363,-0.63968,-0.654973,0.934971,2.61202e-42,0.799464,2.61202e-42,0.0395581,0.458713
40,-12.2447,-2.89527,7.60543,0.0411214,0.155577,0.403719,0.0854624,0.113861,0.951732,0.0291069,0.731071,0.864502,0.378572,0.116791,0.459295
41,2.37145,0.551971,2.09897,0.00107566,0.0422585,0.025999,0.0546803,0.974875,-0.0308688,-0.211077,0.74798,0.715723,0.880695,0.043745,0.460188
42,-0.867188,2.29188,1.04523,0.00121735,0.0118144,0.00542058,0.00787645,0.961117,-0.243484,-0.0265831,0.795112,0,0,0.00572729,0.461207
43,-5.47278,1.23052,2.41288,0.000548268,0.000222065,0.0787635,-0.0101444,0.993466,-0.0406152,0.105372,1.0233,1.01176,0.942654,0.0443019,0.462401
44,0.47726,1.52982,-2.62952,0.0140799,0.00114029,0.0210031,0.954431,-0.230631,0.13374,0.134105,0.381664,0.334896,1.22946,0.0130727,0.465587
45,0.207365,-1.32814,0.887079,0.0016511,0.061453,0.00366895,-0.0376194,-0.203895,-0.0316748,0.971841,0,0.408688,0.361357,0.0381082,0.46894
46,-3.14992,2.93563,10.3181,0.00126678,0.0737765,0.0218063,-0.163687,-0.110758,0.990487,-0.016586,0.487347,0.35466,1.00916,0.0616476,0.472155
47,-1.05291,-2.80628,3.6807,0.00969995,0.00164953,0.0344156,0.974224,-0.0795113,-0.0991551,-0.186371,4.36991,2.46068e-42,0.840094,0.0787609,0.472486
48,1.40816,1.36057,0.136526,0.00704392,0.00659168,0.0259691,0.382901,0.0500445,0.747506,0.244376,1.07199,2.52794e-42,0.73607,0.035635,0.47682
49,0.335263,0.73121,-0.458629,0.00253568,0.000128405,0.0146731,0.99581,-0.00775463,0.0729543,0.0545801,1.24913,1.26911,1.2602,0.778298,0.48003
50,0.13661,0.944276,1.95254,0.0153974,0.000837087,0.000846862,0.942494,0.0873616,-0.30246,0.112212,0.887524,0.801728,0.969849,0.0265592,0.483827
51,0.920406,1.89534,-0.632029,0.000459913,0.00781716,0.000781275,0.102643,-0.294784,0.113545,0.929432,0,0.217149,0.154255,0.0591028,0.484827
52,1.57214,0.271743,-0.635703,0.000428478,7.31054e-05,0.0344793,0.134668,0.0815771,-0.182813,0.981408,0.486949,0.757886,0.77941,0.0970537,0.489155
53,0.239179,1.34058,0.924758,0.0214594,0.000850671,0.00878304,0.00475024,0.0176446,0.00411846,0.970675,1.15315,0.586974,0.899484,0.0191752,0.494793
54,6.1125,-5.15291,-0.527079,0.0854679,0.126922,0.0436292,0.195603,0.423465,0.13327,0.964345,0.0454414,0.815122,1.16201,0.00472669,0.495992
55,1.74753,-0.470593,0.970516,9.57936e-05,0.00203292,0.00375289,-0.0825712,-0.113916,0.821603,0.237893,0,0,0,0.0375228,0.499255
56,-2.95354,-0.612527,-0.946166,0.0111136,0.0300587,0.000336348,0.394106,0.0157101,-0.0820518,0.9246,0.641213,0.594681,0.649704,0.0649443,0.518247
57,0.553687,1.02086,0.642657,0.0139514,0.00170707,0.020672,-0.230122,0.076317,0.871954,0.123613,0,0,0.529004,0.0449887,0.5213
58,1.65566,1.92329,-0.513529,0.00801026,0.00441096,0.0252851,0.290048,-0.0433818,0.838465,0.000340178,0.0694793,1.15248,0.515594,0.146489,0.522521
59,-60.0341,-34.7916,-6.59322,0.00477993,0.37887,0.337795,0.12663,0.945152,0.210113,0.0262769,2.55737e-42,0.599373,0.585408,0.0553988,0.524579
60,-0.941842,-0.0554677,3.44359,0.0151299,0.0235617,0.0136188,-0.119371,0.996181,0.0427311,0.076134,0.620128,0.475049,0.052809,0.256166,0.526854
61,-40.3502,-63.8153,13.7465,0.00287075,0.00539596,0.00198177,0.103929,0.587042,0.196052,0.868711,2.55877e-42,3.52234,2.55877e-42,0.432631,0.53094
62,0.686935,1.92058,-0.793344,0.00103382,0.0015646,0.00617241,0.922508,-0.10125,0.354477,-0.114341,0.593962,0.386316,0,0.0668006,0.546548
63,35.2122,-45.766,-79.9768,0.0128521,0.130829,0.147441,0.0566607,-0.00394006,-0.0409953,0.525831,2.54616e-42,2.96235,2.54616e-42,0.036639,0.549292
64,-6.31304,0.835326,4.06312,0.176699,0.2639,0.00237461,-0.0563317,-0.0190283,0.00676367,0.980004,0.0215957,0.213034,0.675061,0.0864799,0.549876
65,1.23029,-0.294953,0.663477,0.00141482,0.00165202,0.00959894,0.959245,-0.122693,-0.253015,-0.0279002,0.808377,0.790144,0.570922,0.012287,0.551303
66,-5.49758,0.78403,-0.946,0.00299223,0.0027433,0.06338,0.335786,0.16892,0.707812,0.649693,0.119408,0,0,0.0208141,0.552228
67,21.2713,-34.6749,-73.5853,0.0875757,0.000190533,0.000297386,0.984666,0.0654133,0.160119,0.0227263,2.54891,2.56297e-42,2.55016,0.00659852,0.554135
68,0.944276,1.95254,-0.494556,0.000837087,0.000846862,0.00159292,0.0873616,-0.30246,0.112212,0.964492,0.801728,0.969849,0.339982,0.110987,0.554698
69,-0.00933614,-0.950732,-2.31134,0.000124577,0.000464982,0.00175925,0.143791,0.938287,-0.210832,0.131595,0.979497,0.749087,0.599907,0.0217434,0.555233
70,0.331316,1.85433,-0.0286758,0.00348001,0.0102672,0.0140792,0.436743,-0.50682,0.588827,0.453511,0.982366,0.647985,0.643216,0.014662,0.555758
71,1.98707,0.135112,0.757987,0.0123245,0.00532037,0.00294777,0.0650288,0.957814,0.133843,-0.118264,0.752233,0.770504,0.633098,0.0674273,0.558988
72,-4.37494,12.4022,-2.23839,0.00074123,0.00414981,0.00420408,0.941532,0.00937144,0.33621,-0.0198107,0,0,1.20611,0.0181152,0.562226
73,-0.80134,0.33903,0.903082,0.0123543,8.35767e-05,0.00484247,0.880753,-0.147004,0.164709,-0.418969,0,0,0.781884,0.0125547,0.562482
74,-1.16669,-2.99048,0.190718,0.00852885,0.00812576,0.00015751,0.756479,0.0791588,-0.406844,0.505916,0.970773,2.60922e-42,0.190145,0.00392086,0.563156
75,-1.59658,-0.176365,-1.28255,0.0181328,0.00160673,0.00025923,-0.532567,0.16943,0.98587,-0.0174976,0,0,0,0.0515231,0.563179
76,-1.77652,-0.792899,-1.35882,0.00315498,0.044238,0.000761607,-0.0292159,0.859359,0.257316,0.351933,0.521501,0.654335,0.484934,0.0321548,0.563216
77,1.05965,9.14933,32.8573,0.000490492,0.066847,0.0127907,0.31601,-0.520858,-0.401532,0.758295,0,0,2.56017e-42,0.0889645,0.564872
78,0.658773,1.56286,-1.85059,0.00210961,0.000411045,0.00560355,-0.198695,-0.415995,0.806139,-0.550131,0.446213,0.452426,0.0849972,0.0117518,0.565428
79,0.193287,2.47376,-4.7079,0.0302048,1.4717e-05,0.00295675,0.466259,0.79663,0.590617,-0.117677,1.31354,1.41471,0.724472,0.18171,0.566113
80,-0.707505,1.25351,0.82191,0.014386,0.0148413,0.0409185,0.359601,0.980837,-0.0846085,-0.146387,0.592388,0.674871,0.0822713,0.0489235,0.566398
81,0.732532,-0.0748847,1.02123,0.000537357,0.00144509,0.00106289,0.989472,-0.122201,0.0569233,-0.0526474,1.21187,1.16741,0.887778,0.463886,0.569135
82,0.716085,0.29166,-3.93678,9.31934e-05,0.000511068,0.0299891,-0.0379877,0.267497,0.0147464,0.858738,1.52174,1.42734,0.321717,0.25974,0.574538
83,-0.201717,1.50984,1.60718,0.0047219,0.00560557,0.00653987,-0.18266,-0.0342323,0.196585,0.804563,0.655321,0.601559,0.350237,0.0120995,0.578158
84,2.3398,0.0921666,1.21315,0.00269555,0.00109585,0.00222437,0.0050628,0.939536,0.0275149,-0.341044,1.05096,0.951377,0.811368,0.346577,0.581671
85,-1.83387,-1.87009,-0.652177,0.00247361,0.0236822,0.000440483,-0.421864,0.048667,0.759539,0.425913,1.13208,0,0,0.0163937,0.583743
86,0.459501,0.424722,2.92062,0.000457651,0.00983988,0.00205322,0.997147,0.0105451,0.0494672,-0.0560301,1.06325,0.911383,0.910078,0.0228057,0.584599
87,-1.10938,-0.289877,-0.701624,0.000724449,0.0181905,0.00639142,0.0797471,-0.199951,-0.0578974,0.702877,1.3186,1.21579,0.82463,0.0121117,0.58747
88,-30.1048,-57.311,42.2465,0.0433735,0.00790174,0.0332054,0.138959,0.966517,-0.22669,0.090956,2.58119e-42,8.36647,2.58119e-42,0.0249377,0.587539
89,0.914757,-1.01986,-0.254544,0.00467337,0.0193441,0.0314614,0.298438,0.903798,0.0787154,-0.413402,0,0.422629,0.571074,0.0455321,0.588431
90,0.416576,-2.52331,-6.04359,0.0118675,0.00430408,0.00153367,0.094724,0.592344,-0.271344,0.66743,0.223658,0.228317,0.936407,0.0357845,0.589269
91,0.939027,2.07595,-2.38754,0.00183281,0.0105202,0.00881341,0.510665,0.0914895,0.139774,0.896679,0.146639,0.276844,0.0677899,0.0408951,0.589864
92,-2.17289,0.198538,-1.61359,0.0027995,0.00104748,0.00301896,0.905381,0.128675,-0.157056,0.372909,0.556958,0.555695,0.540042,0.0437406,0.590132
93,52.1037,-55.0932,-87.4264,0.183024,0.0645917,1.13505,0.155768,0.0604592,-0.0584598,0.913216,2.56297e-42,3.5206,2.56297e-42,0.0485573,0.590411
94,-0.538534,5.33497,-12.5339,0.00194207,0.0145511,0.000561442,0.10232,-0.297933,0.965753,0.198423,1.1572,2.56718e-42,0.296902,0.00392011,0.590539
95,0.721076,0.429245,-1.87665,0.000761162,0.000463788,0.0395088,-0.170893,-0.0648238,0.843936,-0.329956,0.501498,0.475261,0,0.00392,0.590662
96,-0.844211,-0.374791,-3.54566,0.00572282,0.0069821,0.00040702,-0.247347,0.0637136,0.828392,-0.00748379,1.35252,2.61342e-42,1.3526,0.0325455,0.591879
97,-0.908444,-2.5571,-12.8315,0.00753729,0.000402259,4.7494e-05,-0.132021,0.988247,0.109895,0.097804,2.57839e-42,0.842341,0.701164,0.0860138,0.592404
98,0.413891,-1.87507,0.627909,0.00824509,0.0023765,5.4214e-05,0.872449,-0.412549,0.15214,-0.213283,0.802333,1.26044,1.25685,0.00392005,0.592552
99,1.52372,0.652596,0.477975,0.0355564,0.000837816,0.00021184,-0.0484208,0.947139,0.0516629,-0.315766,0.545018,0.501106,0.466546,0.0330679,0.593094
100,1.98257,-0.659779,1.21865,0.000432037,0.00133205,0.0121845,0.992433,-0.0547036,-0.0957797,-0.0539574,0.929494,0.874372,0.656923,0.00391525,0.593862
101,2.35252,-0.173442,1.24514,0.000765682,0.0162055,0.00323153,0.042966,0.869513,-0.0448098,0.14415,0.245745,0.148744,0.016793,0.022234,0.594627
102,0.346928,1.93888,-0.634857,0.0289809,0.00713101,0.012239,0.89789,0.0277418,-0.439175,-0.0121693,0.808877,1.39794,0.833379,0.0801574,0.599189
103,-13.194,-3.51958,18.5398,0.0189177,0.0713102,0.00156233,0.103914,0.787649,-0.138331,0.359862,1.16464,1.10723,1.19555,0.0994556,0.600336
104,-0.808412,0.404262,-1.55578,9.45458e-05,0.000713362,0.0106859,-0.555941,-0.0232332,0.972613,-0.0414302,1.02234,0.914416,0,0.0378756,0.602708
105,-0.435777,0.651163,0.495191,0.00986224,3.72746e-05,0.0350401,-0.170684,-0.410751,0.990014,0.0319287,0.621356,0.626977,0.682039,0.0491913,0.615945
106,-0.106035,-1.49629,-4.52052,0.000171837,0.0072289,0.00108998,-0.166557,0.971628,-0.20382,0.096957,0,0,1.70635,0.0181517,0.625603
107,-1.63326,1.00309,0.235912,0.0136221,0.000127912,0.0121199,0.120448,-0.129392,0.11984,0.92642,0.56646,0.925252,0.942848,0.00385868,0.628747
108,-0.823569,0.0242351,0.237849,0.0031158,0.0149862,7.85462e-05,0.208445,0.957278,0.104301,-0.188624,0.507299,0.570495,0.652622,0.106547,0.630336
109,-6.40485,3.17769,-12.8904,0.023145,0.0270058,0.00480233,0.964107,-0.187112,-0.148567,-0.115825,2.43123,2.54896e-42,0.936973,0.0120359,0.633065
110,3.4261,4.39899,-0.166269,3.86294e-05,0.00224638,0.0638142,0.993425,-0.00011186,0.113225,-0.0169485,0.763577,0.256561,0.296636,0.00387329,0.63665
111,-1.11371,-0.822763,8.57122,0.00945181,0.00496904,0.0108175,0.044102,0.956448,-0.188463,-0.189995,0.807394,0.767451,0.758986,0.0319422,0.638622
112,0.58497,1.02787,-4.64051,0.00414134,0.00603531,0.0064097,0.95912,0.114904,0.145701,0.213674,0.220308,0.261392,0.614285,0.0152472,0.639112
113,0.371262,-1.63953,-2.48037,0.00473278,1.00725e-05,0.00950493,0.938928,-0.0488706,-0.13064,0.314577,0.675874,0.617,0.475888,0.0538264,0.639251
114,-41.5633,-77.7461,69.5299,0.0977781,0.00985009,0.0234956,0.00339679,0.928638,0.294354,-0.0808282,2.54616e-42,2.97476,2.54616e-42,0.0558122,0.639359
115,0.618863,0.600817,0.96299,0.00318894,0.0357608,0.0123931,-0.207773,-0.192418,0.991451,-0.0904441,0.238006,0.317203,1.06328,0.00709572,0.639733
116,28.9576,-53.2076,-89.5082,0.00162676,0.00737266,0.000372879,-0.315584,0.90725,-0.419587,-0.00707698,2.54616e-42,2.99133,2.54616e-42,0.0369619,0.641664
117,7.86571,-3.86153,12.6488,0.00393865,0.0220262,0.000226943,0.40329,-0.0368192,0.923401,-0.0867705,0,0,0,0.00392056,0.642632
118,1.03988,1.61432,-0.844661,3.15692e-05,0.0382982,0.00437913,0.951766,-0.0517736,0.255759,0.161398,0.09095,0,0,0.0337554,0.643455
119,0.598099,-0.262185,0.416599,0.00692158,0.00608628,0.147138,0.900355,0.214359,-0.171134,-0.337824,4.321,2.45928e-42,0,0.0230635,0.644522
120,0.599101,0.983463,0.685372,0.016463,0.00548232,0.0429817,0.351372,-0.406035,-0.662471,0.679401,0.212217,0.244295,1.09664,0.0145458,0.646381
121,-2.10841,-0.72162,-1.24684,0.00324023,0.01126,0.0041926,-0.227879,0.0686186,0.95866,-0.17442,0,0.145573,0.066983,0.00391745,0.647973
122,1.89263,-0.719003,1.15618,0.00174879,0.0136993,0.00462703,0.0642138,0.125176,0.134404,0.88044,0.271275,0.340595,0.346589,0.0204731,0.648425
123,1.11254,-0.758431,-2.72784,0.000805955,0.00476361,0.00583298,0.955499,0.229697,0.147529,-0.111782,0.762631,2.55877e-42,0.76281,0.00391435,0.65645
124,0.434819,-0.012226,0.0781827,0.0871751,0.00218409,7.19006e-05,-0.235428,0.232963,0.831771,0.222366,0,0,0,0.0106195,0.657277
125,1.69365,4.94721,-1.34894,0.0277926,0.0484147,0.00154817,-0.248726,0.498779,0.877642,0.124404,0.714692,2.54336e-42,2.36255,0.0594356,0.65799
126,-1.75202,42.5424,-56.0407,0.00717607,0.16938,0.0126663,0.848867,0.411103,-0.305956,-0.129653,1.04741,2.59941e-42,9.46602,0.018297,0.658098
127,1.20661,1.31738,0.891975,0.00785799,0.000855452,0.00364662,-0.0750798,-0.0904899,0.899078,-0.398617,1.11533,0.699778,0.770335,0.0337964,0.660577
128,0.213083,-0.858254,0.0888734,0.134363,0.00764052,0.0027076,-0.143384,-0.296406,-0.162002,0.851575,0.278281,0.489857,0.5526,0.0884344,0.664175
129,-0.631951,-1.50763,-3.00853,0.0152355,0.00960917,0.000159809,0.910045,0.182164,0.369367,0.0469272,0.322964,0.18561,0.7014,0.0633346,0.664438
130,1.22991,-0.628349,-2.95479,0.00645022,0.0185207,0.00609635,-0.0314382,0.65041,0.459769,-0.00694629,2.55877e-42,1.84956,2.55877e-42,0.0317958,0.667619
131,1.86854,-0.164462,0.997272,0.00396072,0.000189392,0.0151443,-0.0462313,-0.562963,-0.0793086,0.945337,0,0,0,0.0227299,0.673042
132,0.384217,1.59996,1.48809,0.0193814,0.00221872,0.00534544,0.281599,0.924636,-0.346828,-0.150944,0,0,0.983387,0.00319451,0.673697
133,-0.658,-1.21319,2.20015,0.0102712,0.0150692,0.0130753,-0.209954,0.227321,-0.274898,0.984106,0.39093,0.309408,0.275766,0.00390618,0.676071
134,0.386144,-1.54255,0.204635,0.000108397,0.102266,0.0385849,-0.0714887,0.950589,0.145223,0.204035,0.290704,0.0645655,0.0803935,0.0289815,0.677223
135,0.325925,0.317498,1.00166,0.00169874,0.00226037,0.0166056,0.0123168,-0.0513179,0.961498,-0.0724063,0.245644,0.23798,0.278997,0.0319963,0.678596
136,0.0731835,1.05285,1.3641,0.00360913,0.00671146,0.000779608,-0.131332,0.59844,-0.38909,0.136259,0.792021,0.665697,2.55877e-42,0.0608661,0.682762
137,0.476252,0.0902802,0.189171,0.0004551,0.00671137,0.0246443,0.955298,0.12421,0.130609,0.234348,0.71293,0.668579,0.618379,0.0166183,0.68356
138,1.58941,-0.566533,0.919966,0.00291027,0.00547609,0.000167116,-0.0682194,-0.309658,-0.346887,0.943826,0.0153166,0.813886,0.915257,0.0305724,0.685719
139,-0.24756,2.2522,0.881511,0.00128899,0.00723083,0.0013423,-0.0100327,0.130745,0.0562365,0.965831,0.779153,0.559835,0.583827,0.0346077,0.689078
140,-1.74463,1.68027,0.598233,0.00457787,0.150257,0.013129,-0.00792033,0.827346,0.438876,-0.0135781,0,6.17927,2.46208e-42,0.587118,0.692092
141,-47.3599,-77.1876,19.9633,0.0602601,0.0428704,0.00150428,0.259483,0.709354,0.457969,0.450049,2.60081e-42,4.98138,2.60081e-42,0.0226345,0.703171
142,-12.7505,-1.02459,3.40038,0.0167127,0.0156984,1.21488e-05,-0.192881,0.064316,0.594646,0.896552,0.68298,0.703673,0.65375,0.00374328,0.709592
143,-2.04716,-0.706416,-1.20954,0.00687759,0.00224414,0.0020526,-0.0412327,0.480651,-0.0893659,0.983729,1.01647,0.986981,0.906442,0.0397208,0.721011
144,-2.81016,-7.87738,-2.81678,0.000496239,0.0916666,0.021115,0.999644,-0.0208153,0.0161954,-0.00395056,6.20443,0.995572,1.07081,0.0160162,0.734474
145,-0.396418,0.282524,-2.57584,0.0234692,0.02554,0.015293,-0.163462,0.881031,0.193083,-0.207413,0.571738,0.501507,0.51973,0.203624,0.738259
146,0.0469293,-1.63326,1.00309,0.00220142,0.0136221,0.000127912,0.976928,0.120448,-0.129392,0.11984,0.619074,0.56646,0.925252,0.0159712,0.743572
147,0.462902,1.81914,0.146897,0.0124892,0.0179393,0.00136445,-0.198059,0.481636,0.0917017,0.967636,0.568229,1.11436,0.906958,0.0977957,0.75005
148,0.334631,1.61952,1.76333,0.0268553,0.0142002,0.0144344,-0.0239316,0.895324,-0.224869,-0.144883,0.267547,0.160824,2.47189e-42,0.834734,0.750153
149,-0.293246,-1.37521,2.18137,0.00102547,0.00234259,0.00309347,-0.0263731,0.939395,-0.146066,0.167199,0.541307,0.498766,0.517134,0.0271397,0.754086
150,-2.77125,0.568028,-2.0456,0.00549262,0.00254273,0.000136458,0.138943,0.205686,0.0657967,0.96602,1.45949,1.53461,1.51862,0.0715134,0.755005
151,-0.867975,0.14027,0.368219,0.000150273,0.0238648,0.0439378,0.905303,-0.288632,-0.297757,-0.0919743,0.127792,0.106856,0.206322,0.0390366,0.755485
152,-0.982961,-3.71705,1.942,0.0291239,0.00462694,0.00139857,-0.300756,0.110632,0.997918,0.00272872,6.01194,2.47189e-42,0.485362,0.0427735,0.760071
153,0.897737,-0.237001,1.2692,0.00229677,0.00141358,0.00343073,0.400198,0.00489767,-0.214574,0.94749,0.0548951,0.0182637,0,0.0350056,0.760602
154,-1.33278,0.616119,0.73675,0.0251984,0.00129182,0.00234363,0.711173,-0.425886,-0.427242,-0.360996,0.364789,1.39425,1.351,0.0805653,0.762688
155,-1.60332,-0.469254,-0.120615,0.00372236,0.00734323,0.00133223,0.216819,0.926379,-0.126481,-0.328837,0.108973,0.126243,0.228481,0.0404763,0.762732
156,2.79641,-1.30941,1.02676,0.284011,0.00136776,0.0184317,-0.493046,0.218252,0.976288,-0.11764,0.983843,1.04406,1.00426,0.180828,0.763712
157,-47.0849,-64.2975,-1.16802,0.00447493,0.0171946,0.0173914,0.796953,0.383509,0.27775,-0.375023,0.912802,2.56157e-42,0.912838,0.0442018,0.765348
158,-0.546345,-0.350362,3.5611,0.0852081,0.0266965,0.0147856,0.463651,-0.0756112,0.914836,0.280813,0.498891,0.449279,0.29122,0.0693098,0.777549
159,2.45674,0.894128,2.24459,0.0184404,0.00342636,0.039787,0.974558,-0.194113,-0.0823308,-0.0760216,0.430949,0.521962,0.606252,0.136437,0.787275
160,-1.41196,1.90814,0.747721,6.96295e-05,0.000384612,0.00256053,-0.0849461,-0.309099,-0.448004,0.958164,0.812569,0.917893,0.919667,0.030976,0.795027
161,1.63179,0.69608,-0.565101,0.026416,0.00520222,0.0166088,0.490344,-0.0658629,0.809768,-0.148655,0.236016,0.434277,0.619278,0.202109,0.799166
162,0.779346,-0.530906,1.21125,0.00811618,0.0128359,0.00010474,0.0272471,-0.44337,-0.00875505,0.965259,0.130899,0.18121,0.233722,0.0359749,0.800774
163,-1.1365,-0.579716,-0.964483,0.00406579,0.00150031,2.8777e-05,0.271463,0.857332,0.100128,0.431335,0.887782,0.795907,0.665369,0.0554506,0.814406
164,0.95327,2.31289,0.213096,0.0163719,0.0187489,0.00249928,0.0576591,0.49232,0.109715,0.975919,0,1.06302,0.794071,0.0223479,0.81464
165,-1.17557,-3.9342,0.74098,0.00492847,0.0121679,0.000474173,0.000138133,-0.353947,0.296238,0.951452,0.356451,1.01788,1.04853,0.206906,0.825337
166,-0.863313,0.199097,-0.884851,0.00927393,0.000664003,0.000331704,0.414626,-0.182034,0.965519,-0.249148,0.56501,0.718283,0.686958,0.117302,0.825485
167,-0.131445,-39.9906,-74.0839,0.109523,0.00455711,0.000891445,0.871873,-0.421703,-0.230619,0.0939046,8.53601,2.58119e-42,8.53627,0.154291,0.827366
168,1.81741,-0.903082,0.55065,0.00108588,0.00907212,0.000978174,-0.0216834,-0.0315351,-0.0216093,0.921418,0.617265,2.31605,2.57278e-42,0.0450367,0.8307
169,1.74678,-0.94296,-0.829029,0.099645,0.0587719,0.0342235,0.149881,0.0620197,0.991962,-0.0368808,5.16014,2.56017e-42,5.1602,0.0207158,0.834111
170,-58.8164,-5.08677,-27.3728,0.0190582,0.0244254,0.114199,0.890066,-0.277265,-0.0590301,-0.356964,0.281183,0.311071,0.186267,0.00390998,0.841777
171,0.639364,0.693851,-0.140789,0.000795919,9.4818e-05,0.00382152,-0.0737004,0.3326,-0.0165897,0.950726,1.40967,1.44118,1.43789,0.0253176,0.841846
172,0.899279,1.78649,1.62835,0.000781102,0.00303788,0.040467,-0.358499,0.716526,0.459905,0.795012,0.831812,1.01613,0,0.0530319,0.852778
173,-1.34865,-2.26688,-0.253416,0.030339,0.00712957,0.00200124,-0.59469,0.920007,0.152044,-0.17771,0,1.23525,1.34617,0.0521513,0.857374
174,-0.381346,1.00012,1.79699,0.0012794,0.0150856,0.0562023,0.222712,0.0257069,0.241874,0.992213,0.216305,0.333536,0.50247,0.0614382,0.866428
175,-0.425897,0.276356,-3.03948,0.178441,0.0682497,0.00171722,-0.269228,0.00747888,0.951525,0.117725,0.567797,0.470834,0.12447,0.0160097,0.880074
176,-4.20332,45.224,-37.4703,0.00749137,0.0792747,0.0134967,0.321776,-0.0453695,0.894815,0.0158084,0.781162,2.54756e-42,5.68834,0.0328687,0.881746
177,10.6491,0.958694,9.4946,0.32266,0.0227098,0.0738677,-0.350475,-0.0233401,-0.336858,0.769102,0.318335,0.212644,0,0.267751,0.888498
178,-25.5146,-44.075,-12.9311,0.116565,0.186868,0.179045,0.872947,0.380857,0.0882013,0.291775,0.218295,2.60081e-42,0,0.0707696,0.888529
179,-22.3668,0.518355,-7.87605,0.019328,0.0163676,0.0975467,0.185553,-0.0465907,0.875224,-0.0493829,2.21147,2.82114,0.580612,0.00947029,0.898607
180,-34.0249,-72.8609,5.20133,0.0554092,0.00330252,0.0226813,-0.199035,0.07367,0.896023,-0.0160444,6.18005,2.60081e-42,0,0.0981133,0.906271
181,1.86713,-0.151973,1.53379,0.00100743,0.0156354,0.00148504,0.0944169,-0.558939,0.956925,-0.190644,0,0,0,0.0959591,0.908913
182,-1.30088,-2.23678,-0.664241,0.0128671,0.00168871,0.0239904,-0.0523087,0.0317314,0.6682,0.0524501,0.437704,0.0592591,0,0.0496949,0.943643
183,-1.30145,-0.0338886,0.644753,0.00921493,0.0177849,8.34082e-05,-0.067164,-0.147651,0.00949659,0.90696,0.754115,0.393631,0.367967,0.0478439,0.96611
184,-3.31372,0.250594,-1.68044,0.00429813,0.0071157,0.0149696,0.977535,-0.122232,-0.171049,-0.0150692,0,0,0,0.00917347,0.968804
185,0.076294,1.48842,-6.29206,0.0113447,0.00019927,0.00229858,0.94183,-0.199966,-0.265195,-0.0513849,0.80624,0.699896,0.811496,0.270257,0.973461
186,-61.711,2.50217,-0.45493,0.000136714,0.274588,0.0855748,0.969288,-0.0168399,-0.243496,0.0301001,0.94748,0.612552,0.600068,0.409655,0.974845
187,0.370338,0.73253,-0.867815,0.0289327,0.00413835,0.00587197,-0.139657,0.10905,0.721186,0.63755,0.224496,0.191216,0.161766,0.132655,0.986599
188,-0.510087,-1.12811,-2.54051,0.00459048,0.00108345,0.00389758,0.941561,-0.0972305,-0.322291,-0.0117691,0.901624,0.718985,0.300153,0.241126,1.00193
189,0.176733,0.941246,-0.236884,0.00417741,9.57949e-05,0.0031707,0.944632,0.0479654,0.302021,0.118964,0.58494,1.39539,1.03914,0.119932,1.00223
190,-0.340813,0.953651,2.07249,0.0444956,0.00872237,0.0159182,-0.0249242,0.891376,0.233388,-0.312898,1.00747,1.06256,0.973065,0.0257192,1.00639
191,-9.66104,-0.913913,-8.28539,0.0435119,0.0185353,3.19183e-05,0.146934,0.986942,-0.0276655,-0.157345,2.56017e-42,4.38755,2.56017e-42,0.128762,1.00718
192,1.84721,-0.398784,1.32524,0.00364607,0.0377012,0.00936682,-0.131168,0.995714,0.0656224,-0.0618861,0.780334,1.04498,0.765006,0.349207,1.02288
193,-2.90113,0.195892,-1.95923,0.000460022,0.0198081,0.00207394,-0.089572,0.674115,-0.458062,-0.39686,0.478596,0.318388,0.247099,0.40383,1.02546
194,4.24308,-0.534805,3.11693,0.0140361,0.00235004,0.00697536,-0.0434179,0.970517,-0.0807323,0.0708004,1.78041,1.88201,1.98965,0.122086,1.03409
195,0.0360486,1.33015,1.90675,0.00240781,0.0197797,0.00215145,0.113288,0.0719072,0.923465,0.0554853,0.69297,0.76259,1.18181,0.673421,1.03999
196,0.0721263,0.90872,-6.33736,0.00217282,0.00623028,0.0589436,0.978893,0.193153,-0.0644177,0.0176015,0.70009,0.614547,1.38734,0.359578,1.04806
197,-0.0597055,0.469748,-3.00343,0.0637048,0.00202607,0.0297802,0.940377,-0.0872287,-0.328756,0.00145027,1.06536,2.53075e-42,1.06583,0.0412751,1.05233
198,-2.86418,0.146495,-1.95618,0.00339903,0.00513437,9.85e-05,-0.231916,0.132927,0.300608,0.956886,0,0,0,0.0212634,1.0525
199,1.03316,3.54781,1.34167,0.00617937,0.228724,0.0611796,0.277354,-0.183849,0.139646,0.949108,0.726155,0.628481,1.15032,0.138444,1.06121
200,0.768456,-0.558593,1.23033,0.00265696,0.0048538,1.88854e-05,0.159495,-0.269922,0.278967,0.880055,0,0,0.121857,0.0714598,1.06266
201,0.895881,-0.315217,1.27175,0.000383371,0.0174788,0.00138737,0.137474,0.922467,-0.380798,0.0494985,0.751629,0.739302,0.684377,0.0641499,1.0901
202,0.708374,0.0235212,-1.92867,0.00178657,0.00662925,0.0183088,0.0347069,0.915607,-0.0231674,-0.0268319,1.18929,1.17627,0.580081,0.475922,1.09126
203,0.0953105,-0.165404,-1.70726,0.010856,8.23937e-05,0.00329862,0.958401,-0.281659,0.0317467,0.033591,0.974027,0.881976,0.771111,0.086058,1.09201
204,0.648448,-1.72396,-2.5311,0.00735305,0.00625785,0.0127039,0.267076,-0.23137,0.143089,0.953904,0.705743,0.750535,0.37012,0.0687709,1.10304
205,-2.92511,0.566247,-2.07626,0.00233627,0.0105226,0.00377105,0.0318992,-0.191557,0.0630366,0.968494,0.409935,0.428588,0.413125,0.0480389,1.11296
206,0.134898,2.7403,2.49561,0.000180277,0.0543794,0.000122294,-0.0623717,0.886535,-0.114922,-0.43015,1.17104,1.14499,0.304819,0.0711554,1.12402
207,-3.58475,0.858594,-0.281115,0.0135053,0.0192469,0.00306345,0.205289,0.10246,-0.150214,0.635542,2.46488e-42,0.112223,0.0995874,0.0633685,1.12775
208,-1.39862,-0.508753,-1.10834,0.0179856,0.00418764,0.00116624,-0.09572,-0.297628,-0.159408,0.88924,0.454648,0.660495,0.51053,0.185202,1.13897
209,-1.09364,0.372619,-1.2405,0.0450886,0.157563,0.00299885,-0.037636,0.695956,0.195137,-0.287159,1.57795,1.64125,0.99341,0.162847,1.14264
210,-1.32297,1.29628,-0.400626,0.0228818,0.0002316,0.113756,-0.206107,0.933072,0.21039,0.263943,0.100133,0.390262,0.580149,0.0168341,1.14874
211,-2.9246,-0.0186062,-1.38807,0.00350056,0.00928704,0.0116621,-0.0717917,-0.0734699,0.0105656,0.943522,0.566823,0.612199,0.683135,0.0490102,1.16073
212,0.789805,1.76352,-0.722257,8.80559e-05,0.0029928,0.000763256,0.970411,0.0953932,0.0836509,-0.205438,0.2269,0.615249,0.54023,0.052037,1.1653
213,-1.96192,-4.055,0.686746,0.0345268,0.0932055,0.00234173,-0.0227043,0.307354,0.91032,0.0745205,0.737502,1.21937,1.25406,0.183286,1.1686
214,0.528355,0.634245,-0.124266,0.000221886,0.0091627,0.00721646,0.270744,-0.333991,-0.127106,0.882783,0.450769,0.346354,0.439797,0.0888871,1.17278
215,-12.2884,-2.66666,3.45111,0.35349,0.0261679,0.00108812,-0.301626,0.367014,0.973486,0.221606,0.921445,0.977548,1.1601,0.127434,1.17497
216,46.4502,-40.4208,-68.4832,0.000299365,0.0336111,0.000280347,-0.152195,0.380916,0.195247,0.642729,2.60081e-42,6.12038,2.60081e-42,0.0304685,1.19155
217,-1.89255,-0.598484,0.687554,0.00749633,0.0041603,0.000606313,-0.0853332,-0.000951802,0.99372,-0.0232481,0.971262,1.11278,1.13628,0.0401806,1.2059
218,-2.35389,0.967292,1.73222,0.0314272,0.00317424,0.000499442,0.975586,-0.00683723,-0.219277,-0.010176,0.8967,0.871276,0.854169,0.0277525,1.20755
219,1.5934,-0.359668,0.829257,0.00329527,0.0115253,0.000247154,-0.0208635,0.000162889,0.17171,0.850185,0.4657,0.638675,0.545763,0.550915,1.21204
220,1.90728,1.89349,0.873143,0.0183961,0.00131125,0.000126267,-0.0926799,0.00895275,0.88971,-0.00406566,0.287749,1.18733,1.32799,0.0809233,1.21367
221,-72.9947,74.3907,-48.7538,0.0113411,0.0170856,0.284377,-0.127719,-0.104463,0.855819,-0.462513,0.910795,2.56157e-42,0.910852,0.0807479,1.21417
222,-0.565433,-2.16025,-0.0617593,0.000536454,0.00216579,0.0058427,-0.584331,0.143812,0.305298,0.958442,0,1.13611,1.19342,0.382232,1.22
223,-3.17396,-1.7361,-0.259908,0.0115625,0.076502,0.0363723,0.959514,0.0577678,-0.257937,-0.0972802,4.99074,0.367719,0.4837,0.0589438,1.23645
224,-28.3872,-4.20184,-19.4175,0.0564819,0.100888,0.0564628,-0.259829,0.982083,-0.106956,-0.134323,2.54616e-42,4.64411,2.54616e-42,0.0805083,1.23675
225,0.408387,-1.65611,-2.18641,0.00128979,0.00468581,0.00358751,0.210681,0.979567,-0.106408,0.068919,0.324583,0.279749,0.566762,0.0575161,1.23799
226,0.849725,0.178718,-0.944681,0.00146633,0.00858963,0.000452639,0.945848,0.312413,-0.0862724,0.0180845,0,0,0.0955622,0.959308,1.2389
227,-39.3119,-51.0247,-34.6287,0.00300866,0.00255206,0.154925,-0.0704344,0.0518545,0.767527,-0.263036,0.984646,2.61482e-42,0.984904,0.421719,1.2398
228,0.949965,-0.793502,0.575736,0.0145649,0.00425329,0.00130403,0.962602,0.135821,-0.130018,-0.195054,0.803912,0.768217,0.63023,0.0941868,1.24528
229,-6.46254,-1.73105,-4.34781,0.07975,0.0393587,0.000414442,-0.417626,0.556895,-0.137504,0.0641302,1.34257,1.45624,1.19729,0.174771,1.24812
230,-1.4996,-0.413718,0.194266,0.00486145,0.0102569,0.00319078,0.152271,-0.0708677,0.89315,-0.209966,0.69719,0.073681,0,0.022746,1.26815
231,-0.439514,0.253612,0.704639,0.00365199,0.00942421,0.000658912,0.877791,0.129839,-0.29751,-0.352296,0.263385,0.303362,0.313171,0.105364,1.27075
232,0.878368,-0.424788,1.21409,0.00305515,0.0169436,0.00710798,-0.38337,-0.135608,0.822857,-0.508235,0,0.197203,0.076479,0.0566113,1.27696
233,-0.458057,-0.481469,-0.312478,0.0123879,0.00348863,2.6537e-05,0.921501,0.0743832,-0.381073,0.00929513,0.308995,0.395438,0.28647,0.0231346,1.28052
234,-0.352255,1.46677,1.10997,0.0317219,0.00746533,0.000480271,0.889066,0.00534168,0.456625,-0.0320503,0.739837,0.981867,0.542167,0.499375,1.28137
235,0.224886,-0.0905185,0.695833,0.00822725,0.0451454,0.00159586,0.133508,0.178253,0.988417,-0.0953072,0.53272,0.490406,0.518917,0.0879068,1.29783
236,0.844949,0.606295,-0.323075,0.00106726,0.000265055,0.0920651,-0.11175,0.890526,-0.0903948,0.238666,0.282369,0,0.367934,0.126526,1.30969
237,-87.0679,13.383,-29.5714,0.000490825,0.0121343,0.070252,0.060207,0.936825,-0.33674,0.00374136,2.61342e-42,7.57269,2.61342e-42,0.265653,1.30995
238,-2.82976,0.569964,-1.01966,0.0024924,0.00459872,0.0124417,-0.242076,0.983389,-0.0878684,0.155214,0.293393,0.293676,0.357629,0.18957,1.31266
239,7.33,21.8876,-34.3273,0.423491,0.0198673,0.0429323,0.475549,0.533661,-0.290515,0.63613,0.291134,2.54616e-42,4.74557,0.0491005,1.33718
240,0.709053,0.374855,-1.63451,0.00764594,0.00310057,0.0294753,0.05352,0.123281,-0.443743,0.998818,0.573604,0.54675,0.171996,0.0522834,1.33823
241,-1.61628,-1.42286,0.587009,8.44307e-05,0.057303,0.00255901,0.150827,0.958537,0.14119,-0.239727,0.568595,0.134933,0.0969619,0.060065,1.36542
242,22.0283,-29.1066,-68.04,0.00688799,0.00162795,0.18092,0.173284,0.330119,0.938886,-0.315053,0.741591,2.60081e-42,0.748084,0.645095,1.36665
243,-0.385262,0.243986,2.39316,0.0121111,0.0363972,0.0014425,0.0288107,0.0402967,0.941206,0.162816,0.609651,0.632055,0.601289,0.0348898,1.36774
244,-0.431866,-1.46008,0.15935,0.00283043,0.0152781,0.00193482,0.0466756,0.952971,0.134175,-0.100538,0.842039,0,0,0.55798,1.3683
245,-0.281249,0.374764,-0.727925,0.00919731,0.00458124,0.00497835,0.48988,-0.0689029,-0.164348,0.984577,0.430289,0.362878,0.261085,0.0241499,1.38435
246,-1.26271,0.741533,0.000568485,0.0104989,0.00173912,0.0670231,0.975886,0.089425,0.00590148,-0.199035,0,0,0.0229354,0.00663346,1.38486
247,0.558104,-0.635769,0.366509,0.00609812,0.0157439,0.000743439,-0.334721,0.500154,0.999201,-0.0388364,0.261371,0.487769,0.338625,0.0964155,1.38603
248,0.577379,-0.447757,-2.7723,0.0387052,0.00069958,0.00574174,0.967764,0.0147375,-0.189691,0.165023,0.791583,2.55877e-42,0.791744,0.0222048,1.3947
249,0.941428,-0.330945,0.201926,0.000230084,0.00225417,0.0245419,-0.0771076,-0.324785,0.116732,0.973892,0.0820933,0,0,0.065845,1.40352
250,0.369821,0.688857,-1.93844,0.00651483,0.00317173,0.0107512,-0.322639,0.491656,0.110182,0.907328,0.142927,0.14891,0.555399,0.0525428,1.41338
251,-1.57978,3.09364,0.253694,0.0164352,0.00377393,0.0092725,0.0880263,0.987253,-0.0481836,-0.151528,2.61763e-42,1.40064,1.29534,0.0638211,1.41443
252,-0.813341,0.629006,1.04931,0.0181232,0.000710439,0.00565622,0.0293842,-0.263007,0.0357441,0.792747,0.599334,0.555679,0.6103,0.0494671,1.41552
253,1.8928,0.884882,1.04221,0.0138231,0.0213584,0.00665804,0.00979059,0.986778,-0.104824,-0.0519877,1.27752,0.548481,0.611867,0.0307681,1.43148
254,-2.89468,1.75686,-0.348353,0.0251315,0.000747168,0.00792062,-0.222331,-0.103325,0.630275,-0.426632,0.619412,0.539318,0.518263,0.122956,1.43627
255,0.886261,1.11264,1.27158,0.000846855,0.000458372,0.000118528,0.897581,-0.0270698,-0.430278,0.0920646,0.786819,0.93381,0.799191,0.207434,1.43632
256,-0.0306157,0.568959,-2.10027,0.0147637,0.00214514,0.0083644,0.142848,-0.25186,0.57847,0.880418,2.55036e-42,6.11344,2.55036e-42,0.0356486,1.44019
257,-1.28568,-0.775843,-1.05149,0.00614556,0.0025694,0.0101477,-0.0401858,0.199456,0.00871438,0.749434,0.556633,0.546976,0.544383,0.0943296,1.44164
258,1.59047,0.537445,-1.59116,0.00615685,0.000525469,0.0127859,-0.0258846,-0.0424406,0.963615,-0.254735,4.42041,2.55877e-42,4.42042,0.037612,1.44275
259,0.754184,-0.646782,0.107057,0.000451037,0.0103854,0.00251028,0.633224,-0.213139,0.634804,-0.388103,1.06251,1.00834,0.295927,0.0165504,1.44323
260,-2.64566,0.222673,-1.86915,0.00336229,0.0268394,0.000530304,0.111643,0.838113,0.304082,-0.405531,0,0,0,0.0172522,1.44411
261,0.0782268,1.18205,2.79895,0.00657477,0.00208245,0.00165831,-0.295303,-0.131077,0.94378,0.27947,1.09574,0.962246,0.830956,0.0217985,1.44442
262,-4.06609,0.807631,-0.733079,0.00523403,0.00330391,0.00985309,0.225875,0.968335,-0.0519649,-0.24417,0.416038,0.481224,0.622241,0.010363,1.44466
263,-3.98015,16.2212,7.61173,0.0465261,0.169129,0.00539543,-0.0517936,0.00840154,0.491685,-0.0407861,0.852499,0.376365,1.29147,0.178193,1.44717
264,-0.450834,-1.09502,-0.303144,0.00869174,3.3982e-05,0.00770607,0.319203,0.978992,-0.171509,-0.100763,1.04283,0.767534,0.573645,0.13156,1.44731
265,0.453414,0.864948,0.400249,0.00325136,0.00344715,0.00839285,-0.0329552,0.541687,-0.0277603,0.814529,1.09994,1.19428,1.09605,0.0436977,1.44783
266,-0.363101,-0.348987,-0.181178,0.0012978,0.000272167,0.043947,-0.68171,0.885356,0.102941,0.282283,0.752642,0.881044,0.990253,0.0771186,1.44888
267,0.699808,-0.0152263,0.280032,0.000273696,0.0094529,0.00204066,-0.0208043,-0.0790491,-0.0222213,0.947352,0.155456,0.157351,0.35596,0.0993099,1.44901
268,8.7301,0.465394,0.924111,0.140643,0.0319451,0.00227881,-0.781608,0.940135,-0.326859,0.0732712,0.207859,0.653477,0.646656,0.0373343,1.4491
269,1.78757,1.61529,-0.677509,0.00254596,0.00611855,0.0321922,0.894481,0.0495762,-0.22156,0.385173,0.327815,0,0.122792,0.011103,1.44937
270,0.98164,3.90873,-0.351993,0.0437738,0.00155034,0.0283096,0.113622,-0.0309688,-0.136026,0.729496,0.936568,1.11935,0.171164,0.0775265,1.44954
271,2.17839,0.303112,0.936061,0.00040916,0.0252974,0.000375911,-0.253043,0.910736,-0.0262283,0.410772,0.19502,1.2008,1.1016,0.153982,1.45188
272,5.0152,-3.71881,12.6574,0.0622577,0.0174156,0.00696981,0.0359239,-0.0287981,0.918483,0.286799,0.977022,1.03608,0.69821,0.0944455,1.45213
273,12.7659,0.543197,5.26768,0.110868,0.00113301,0.10141,-0.194033,0.969883,-0.133647,-0.198863,2.55737e-42,5.12637,2.55737e-42,0.0965642,1.4535
274,-0.622719,1.37494,1.34085,0.00120482,0.014257,0.00444154,-0.124631,-0.217826,0.901475,0.41647,0.769689,0.524939,6.2874,0.0338012,1.4538
275,-0.0985208,-0.23459,-0.907068,0.0117167,8.18822e-05,0.0327079,-0.248009,0.209261,0.981804,-0.0788994,1.07891,0.952992,0,0.849932,1.45742
276,-2.66743,3.31257,0.194877,0.0159176,0.0275992,0.00502041,-0.256644,-0.279874,-0.13376,0.945307,2.54476e-42,1.41443,1.37914,0.0434352,1.4599
277,-59.1356,-10.7162,-3.76468,0.0441198,0.060336,0.0183998,0.361347,0.20664,0.540124,0.731433,1.15385,2.60782e-42,1.1545,0.921958,1.4611
278,-0.800746,-1.01064,-2.66903,0.00616064,0.00387986,0.00125083,0.143237,-0.0354483,0.835299,-0.0203544,0.992112,1.08082,0.762952,0.0458469,1.46148
279,-3.69138,0.825619,-0.0135974,0.00578124,0.0011074,0.00851705,0.0777694,0.967038,-0.0348021,0.251991,0.839981,0.656156,0.491851,0.0532701,1.4663
280,-0.926042,0.154441,0.43607,0.00351442,0.0100471,0.000359581,0.90725,0.330602,0.143851,-0.216581,0,0.11494,0.0247193,0.9998,1.46703
281,-0.717044,0.94572,0.56401,0.0244431,0.00782576,0.000382563,0.513862,-0.0782955,0.853741,0.126787,0.801384,1.16745,0.945935,0.094397,1.46798
282,0.682939,0.629776,-7.50446,0.000639218,0.00563086,0.0817972,0.382513,0.965008,-0.0531152,0.255751,0.874577,0.711647,1.2987,0.0452043,1.4708
283,-0.250569,0.460309,-3.07701,0.00590665,0.000614319,0.0291342,0.875434,-0.0777372,0.1133,-0.463396,0.600971,0.536534,0.143966,0.00399469,1.47104
284,0.331218,0.462633,-0.0702297,0.0117926,0.00911926,0.00619443,0.0388455,0.927434,-0.339536,0.0316331,0,0,0,0.21805,1.47224
285,-3.77012,0.784329,-0.424288,0.00125799,0.00468899,0.000185081,0.112592,0.843037,-0.41407,0.316186,0.709795,0.818817,1.02314,0.00392044,1.473
286,0.345846,0.544745,-0.67087,0.000204354,0.00307645,0.0024506,0.494651,0.211602,0.973878,-0.059309,0,0,0,0.0942239,1.47682
287,-0.79949,-0.270086,-0.517421,0.00447011,0.0195633,0.000435146,-0.90657,0.968196,-0.244226,0.0149469,0.894072,0.61741,0.500971,0.089919,1.4775
288,0.657049,-1.63432,-1.7971,0.000621267,0.0249926,0.0414392,-0.391331,0.316172,0.285169,0.868505,1.10327,1.0728,0.184841,0.722274,1.47755
289,-20.272,0.210459,-11.533,0.0662666,0.000518283,0.00689747,-0.0325621,0.896945,0.0200794,-0.441531,1.27529,1.2603,1.20209,0.00385502,1.48012
290,-1.6973,2.41839,0.351995,0.000995598,0.00081133,0.00653735,-0.667493,-0.484172,0.215266,0.956602,0.0902305,0.947511,0.571723,0.0349788,1.48112
291,-42.3961,-75.47,-8.21161,0.00219868,0.000907086,0.0790466,0.93682,0.230188,-0.254933,-0.0662667,6.24408,2.55597e-42,0.200118,0.164827,1.48147
292,4.10504,-0.894942,2.82154,0.00178137,0.0157417,0.0150205,0.127443,-0.210209,0.0624583,0.92097,0,0,0,0.105397,1.48364
293,-0.0216268,-1.32846,0.315795,7.91318e-05,0.000166246,0.00301307,-0.504405,0.818149,0.0915475,0.172933,1.00076,0.393062,0.372408,0.00391627,1.48406
294,-6.92433,3.66526,2.48332,0.0479384,0.000104159,0.00249434,0.95782,0.0145068,-0.2866,0.0151758,1.4785,1.00381,0.740457,0.409476,1.48471
295,-1.03882,1.66197,0.541018,0.0144754,0.000633451,0.0016817,-0.0550752,-0.0192967,-0.0211719,0.939345,0.552789,2.59534,2.54476e-42,0.444258,1.49078
296,9.67678,-13.9598,-4.11783,7.48615e-05,2.97326e-05,0.0437188,0.166591,0.0463168,0.990858,-0.102055,0,0,0,0.098196,1.49104
297,0.0488404,0.350081,-2.44531,0.00615554,0.00591321,0.000356917,-0.75383,0.0271159,0.597584,0.487892,0.565346,0.394195,0.0591035,0.338242,1.49114
298,0.997201,0.495263,-2.28347,0.0278737,0.00360779,0.00655776,0.736694,-0.362011,-0.0404106,0.569734,0.659124,2.61062e-42,0.659188,0.00390446,1.49189
299,0.549806,-0.871098,-0.274167,0.04701,0.0087395,0.00178111,-0.340128,0.918196,0.0721341,0.169831,0,0,0.0452641,0.335862,1.49193
300,0.929341,0.922226,2.31459,0.000475086,0.00439499,0.00101493,0.262569,-0.0173528,0.938277,0.313086,1.23943,1.1149,1.0352,0.0631149,1.492
301,7.73474,65.1295,-44.0257,0.0293143,0.0824103,0.0223983,-0.0607744,0.0120171,0.0730119,0.35694,1.44224,8.34694,2.58119e-42,0.00527217,1.49206
302,0.706046,0.146534,-1.59143,0.00244054,0.00631492,0.00114507,-0.12668,0.149831,-0.133881,0.983191,0.813631,0.758574,0.982164,0.0039189,1.49258
303,0.677172,-0.326246,-0.650282,0.000174085,0.00976253,0.00112281,0.946735,-0.193935,-0.252287,-0.0493298,0,0,0.572661,0.0430985,1.49304
304,-2.58129,-1.31433,8.83305,0.00295853,0.0103193,0.00118138,0.254451,0.5517,0.922156,-0.198113,0.80378,0.84321,0.61397,0.0108884,1.4935
305,1.36255,-0.25029,-0.0169511,0.00455177,0.0112854,0.0191381,0.275239,0.463229,-0.115261,0.792407,0.246386,0.409744,0.487587,0.0120929,1.49371
306,-1.32699,-0.873184,-1.07596,0.0041233,0.000697143,0.0286821,-0.0935519,-0.111572,-0.15937,0.961468,0,0,0,0.00390664,1.49379
307,0.458242,-1.93714,-3.00383,0.00521518,0.0386787,5.15101e-05,-0.104907,0.0439133,0.983669,-0.0556694,0.128004,0,0,0.0302601,1.49385
308,-4.03322,-10.6923,-10.6802,0.136647,0.0523399,0.0661433,0.790218,-0.211713,-0.4263,-0.386008,0.00243494,0,6.49397,0.679615,1.49446
309,-0.188948,-0.594584,-2.6885,0.00284574,0.00163523,0.0062846,0.917701,0.237544,-0.198032,0.249362,0.6429,0.661624,0.757418,0.00363594,1.4974
310,0.302589,0.241219,-0.176179,0.0175898,0.00206733,0.0200259,-0.126684,0.990644,-0.0321981,-0.123175,0.793462,0.796967,0.672966,0.0146405,1.49817
311,0.772737,1.97695,-0.0172593,0.00486257,0.000133691,0.00215949,-0.00687023,0.955596,0.249626,0.0537013,0.747435,0,0,0.00390938,1.49856
312,63.2323,-41.1404,-51.8895,0.0195091,0.025315,0.0502844,0.0111754,0.0167639,0.127341,0.745975,2.58119e-42,8.28477,2.58119e-42,0.00388332,1.49884
313,4.8844,-0.778644,1.42522,0.0157491,0.0261474,0.090192,0.0722478,0.838422,-0.10805,-0.478353,2.61482e-42,1.26274,2.61482e-42,0.0829447,1.49911
314,0.950024,3.21882,-0.220208,0.00495525,0.0183356,0.00236619,0.374004,0.93541,0.111215,-0.285496,1.1765,1.15611,0,0.00391751,1.49971
315,0.999453,0.759416,0.674875,0.00761348,0.0025319,0.000117163,0.199022,0.987975,-0.106579,-0.0375316,0.260134,1.44936,1.46655,0.0109783,1.50059
316,0.774539,0.673823,0.013101,0.0138447,0.000304365,0.00422016,0.0555882,-0.152257,-0.278415,0.995868,1.49125,1.50771,1.48494,0.00865546,1.50098
317,1.65498,-2.18303,-0.571367,0.00342464,0.000377271,0.0216393,0.350974,-0.0334329,0.870461,-0.18667,0.0555161,0.580452,0.677331,0.0139369,1.50135
318,1.29617,-0.244162,0.708516,0.00140582,0.00313214,0.000936868,-0.529669,0.7738,-0.114922,0.085828,1.16122,0.838789,0.598382,0.0038935,1.50152
319,-0.853086,0.715307,-0.0586524,0.00632451,2.30472e-05,0.0150951,0.78403,0.15288,0.562363,0.213712,0,0,1.17786,0.00392054,1.50179
320,-0.74211,-0.594812,-2.20226,0.000905373,0.00268719,0.0362798,0.830677,0.342813,0.290761,-0.328501,0,0,1.10781,0.00391609,1.50217
321,-1.1618,-0.0900519,-0.743544,0.0890045,0.0675488,0.028029,0.149702,-0.156293,0.223437,0.827691,0.259672,0.330887,0.224051,0.792792,1.50222
322,-1.08782,-0.674871,-0.659243,0.00424656,0.00944905,0.000256451,-0.126364,-0.263804,-0.0520102,0.908957,1.13033,1.02074,0.756181,0.00385119,1.5032
323,0.00762254,-0.952945,-0.68783,0.000187358,0.0208047,0.00322847,0.175676,0.89532,0.0801205,-0.393242,0.887088,0.803543,0.797373,0.0202277,1.50377
324,-0.797207,0.931288,1.44387,0.00815787,0.000339029,0.006658,0.0175151,0.888177,-0.140802,0.186473,0.199649,0.24553,0.413619,0.00383149,1.50383
325,-1.55649,1.5957,-0.611876,0.00039347,0.000346077,0.00933821,0.0478871,0.992214,-0.0749544,0.0965685,0.495864,0,0.0639262,0.00390912,1.50438
326,-0.826366,-1.30521,0.28529,0.00162674,0.00702965,2.69072e-05,0.926969,0.0615277,-0.25077,-0.272133,0.506958,0.513008,0.718838,0.00390155,1.50498
327,0.612372,1.57405,2.11872,0.000283162,0.0318768,0.00031013,0.0182019,0.702844,-0.171036,0.982521,0,0,0.327148,0.00391546,1.50587
328,0.594938,-0.257323,-0.9841,0.00568251,0.000430688,0.00265031,-0.396612,-0.0635537,0.963683,-0.010149,0.382421,0.441926,0.721918,0.00389035,1.5079
329,-1.3685,0.378206,-1.08505,0.000509024,0.00453162,0.00232941,-0.0465844,0.360315,-0.181796,0.710647,0.806517,0.786574,0.75672,0.0279,1.50836
330,-58.7724,2.45896,-3.72204,0.00339591,0.0456028,0.00394953,-0.186957,0.0876196,0.941839,-0.120087,0.81824,2.60782e-42,0.818326,0.00390841,1.50986
331,-1.55065,-1.39064,-0.33668,0.00155056,0.00405363,0.000842931,0.0597762,0.299001,0.0865095,0.757477,0,0.129738,0,0.115245,1.51029
332,-0.495261,0.872402,0.339519,0.000435031,0.0126083,0.0098644,-0.112506,-0.249247,0.136731,0.832875,0.834131,0,0,0.378622,1.51033
333,0.540137,-1.57133,0.0912654,0.00156936,0.0128123,0.00371996,0.0381388,-0.027752,0.765505,0.453234,3.91891,2.61202e-42,0.811995,0.0206323,1.51044
334,-0.19432,-1.25532,-1.58527,0.00126441,0.000202414,0.0283462,-0.219775,0.0184893,0.650745,0.0535554,0,0,0.921095,0.0495641,1.51178
335,-2.95071,-0.766528,-0.934398,0.000180427,0.0102703,0.00484817,0.103855,0.152024,0.240364,0.922751,0,0.0925884,0.154462,0.00395478,1.51217
336,-29.7985,-57.7654,3.51485,0.00560638,0.0025519,0.00107152,-0.342874,-0.0570499,0.960098,-0.19761,0.758046,2.61482e-42,0,0.00391995,1.51468
337,-70.659,6.36967,-39.4366,0.0137751,0.104476,0.0466617,0.949052,0.127883,0.197879,-0.20926,6.26824,2.60081e-42,6.26978,0.343047,1.51519
338,0.160434,-0.768,-0.640198,0.00341725,0.011567,0.00235946,0.0293284,0.164872,0.994793,0.0475775,0.608562,0.521119,0.686721,0.00386598,1.51583
339,0.71539,-0.364404,1.4836,0.00373231,0.0264637,9.0207e-05,-0.158493,0.122931,0.994393,-0.097721,0.598796,0.455541,0,0.00640959,1.51675
340,-0.838177,-1.9014,-0.492707,0.00117619,0.00801719,0.00403243,-0.0365412,0.932974,0.20844,-0.290734,0.439471,0,0,0.00392107,1.51779
341,-0.34606,1.00238,0.554434,0.00032523,0.00246488,0.0612114,-0.131745,0.825295,0.289216,0.157931,0,0.259857,0.245273,0.03881,1.51897
342,-3.74804,0.807419,-0.297779,0.0294698,0.000353115,0.00267451,-0.0748452,0.148925,0.911611,0.190727,0.289262,0.352145,0.518282,0.00387235,1.51962
343,1.73597,-3.23443,-0.0645357,0.0146813,0.0012952,0.0113993,0.301179,0.994247,0.0630894,0.00154798,0,1.05973,0.800159,0.0212123,1.51985
344,-1.07499,1.39881,-0.0930613,0.00443419,0.00484788,0.00331273,0.973088,-0.229459,0.00836562,0.0194564,0.582184,2.56578e-42,16.7188,0.00567839,1.51998
345,1.47002,0.721999,-0.0380212,0.00690384,0.00125634,0.00228458,-0.480063,-0.258708,0.941573,0.0121726,0.209843,0.225237,0.213654,0.0323402,1.52141
346,-2.60495,-0.812882,-1.06637,0.166129,0.00328755,0.0387969,0.0794494,0.94939,-0.0367856,-0.303971,2.55317e-42,11.3695,2.55317e-42,0.00392038,1.52348
347,-1.69588,0.40128,-0.244971,0.00301975,0.0302273,0.000515718,-0.0409174,0.975066,-0.01557,0.191558,0.20986,0.210603,0.251112,0.00382893,1.52351
348,-0.466287,0.761662,1.04254,0.0135679,0.0225656,0.0144409,-0.00463615,0.947306,-0.0886843,-0.279382,1.344,1.42325,1.65977,0.00389182,1.52567
349,0.701423,-0.0655557,-0.742962,8.31657e-05,0.000485091,0.00606257,-0.214995,0.400619,0.938436,0.299783,1.25096,1.33232,0.907815,0.00392079,1.52767
350,-1.26001,-1.72748,0.712391,0.00424173,0.00496998,4.92065e-05,0.936291,-0.280555,-0.174656,0.118927,0,1.40835,1.41486,0.113382,1.52884
351,2.12924,0.717833,0.561149,0.0365088,0.000110544,0.00228541,0.953742,0.126253,-0.24894,-0.111649,1.20253,1.21228,1.08592,0.0219705,1.529
352,-27.6079,-53.0903,-3.75914,0.0342555,0.360668,0.0573804,-0.362558,0.529585,0.571732,0.332639,2.60782e-42,1.23328,2.60782e-42,0.973167,1.52945
353,0.75885,0.655455,-0.381052,0.00101099,0.0127309,3.33767e-05,-0.0158986,0.195177,-0.0104617,0.717586,0.135704,0.173133,0.55505,0.99592,1.52972
354,1.67313,-0.284825,0.903591,0.00192617,0.00698506,0.00345498,-0.10697,0.0405863,0.873323,0.0611686,0.817989,0.765912,0.604052,0.0496062,1.53055
355,1.66484,0.064445,0.723054,0.00818099,0.00320796,0.00181915,-0.112534,0.874736,0.394423,-0.244603,0.315416,0.263932,0.164011,0.0810138,1.53088
356,0.660919,0.402534,-1.27532,0.00577682,0.0090832,0.040565,-0.0390091,0.953905,0.130342,0.128654,0.474853,0.431049,0.652669,0.232244,1.53387
357,0.320006,0.883708,0.700105,1.72385e-05,0.00585649,0.000490433,0.936862,-0.00899651,0.349433,0.0102026,0,1.13527,1.16072,0.732768,1.53491
358,-0.550031,1.39632,1.92304,0.00817404,0.0042556,0.00815671,0.91077,0.0113067,0.390562,0.133532,0.853658,0.737256,0.870351,0.027925,1.53493
359,1.84842,0.498322,0.766547,0.00676321,0.000896008,0.000332241,-0.137961,0.978813,-0.104984,-0.175647,1.02954,0.996612,0.934319,0.0596765,1.53857
360,2.31753,-5.08646,0.7748,0.0538506,0.00235763,0.000613926,0.924212,-0.145265,-0.352646,-0.0192564,0.580133,0,0,0.00958748,1.53865
361,-0.733084,-0.32069,-0.480492,0.0257878,0.00248638,0.00356136,0.285585,-0.00261648,0.981308,0.00522072,0,0,0,0.195486,1.5398
362,0.589996,0.881486,1.2519,0.0193717,0.00434061,6.45873e-05,-0.48168,-0.189858,0.938125,-0.063478,0.614514,0.698716,0.878359,0.0082672,1.54009
363,-0.83936,-0.934476,-3.41855,0.0186127,0.000307872,0.0258468,-0.0214583,0.995381,0.0122111,-0.0288072,2.55597e-42,16.7774,2.55597e-42,0.0307964,1.5425
364,-2.21864,0.064312,-1.67881,0.0265265,0.0015483,0.00372593,0.713378,-0.225123,0.465463,0.473028,1.09627,1.0141,0.766048,0.00392104,1.54324
365,0.922798,1.75693,1.73865,0.000249304,0.0341103,0.00612428,-0.366914,0.456849,0.879462,-0.349879,0.176375,0.351721,0.648649,0.0495585,1.54442
366,0.243373,0.928122,2.70691,0.00325002,0.000941889,0.0202842,-0.411685,0.00758339,0.932188,-0.239669,1.20474,1.27572,1.24744,0.0932484,1.55282
367,0.232793,-1.65917,0.837558,0.00177748,0.00601213,0.000868541,-0.419188,-0.215225,0.94496,0.209613,0.184158,0.207039,1.2464,0.00392054,1.558
368,-3.74903,0.567255,-2.2916,0.00533209,0.00246083,0.0357944,-0.044127,-0.0609182,0.98794,0.108544,0.356763,0.349611,0.266529,0.713122,1.5601
369,-0.0743391,-1.5471,-1.30425,0.00252922,0.00445412,0.035039,0.776123,-0.111439,0.619067,0.0443913,1.01253,0.812157,0.801535,0.034422,1.56259
370,0.722634,0.182636,0.158463,1.40872e-05,0.012812,0.00323473,0.238975,0.668792,-0.419207,-0.570454,0.606626,0.626283,0.59739,0.0700738,1.5673
371,4.30161,-19.8298,-1.20919,0.0407625,0.0718493,0.00170546,0.975676,-0.176702,-0.0262858,-0.127053,0.544216,0.208608,0.221154,0.332827,1.5707
372,-0.342303,0.452808,0.958066,0.0170728,0.0028511,0.000673458,0.0959468,0.0704671,0.803792,-0.274303,0.953017,0.145797,0.208542,0.0891287,1.57146
373,-0.28491,-4.82756,0.116522,0.00525071,0.0016729,0.0379685,0.293528,0.114588,0.910252,-0.0348988,0.0500738,0,0,0.868909,1.57331
374,-66.1636,45.0785,-50.6087,0.000353968,0.0590807,0.0410715,-0.393944,0.639199,0.38232,0.895992,2.59941e-42,7.27344,2.59941e-42,0.00392029,1.57336
375,1.85519,-1.33567,-0.145686,0.0029052,0.0334797,0.000495809,-0.252121,0.969395,-0.125759,0.206083,0.842436,0.407581,0.472775,0.0718113,1.57444
376,0.847178,0.700796,-0.0097297,0.0013144,0.000642204,0.0157327,-0.0116579,0.716348,-0.0245561,0.190735,1.11161,1.14762,1.13933,0.137004,1.57847
377,1.11901,2.33592,10.5399,0.00410283,0.00298612,0.00519821,0.830541,0.287068,0.968002,0.097872,1.53165,1.42552,0.716017,0.0039214,1.58105
378,-0.116171,0.208352,0.91099,0.00574032,0.00056635,0.0037723,0.952915,0.103122,-0.0110974,0.284948,0.0133447,0,0.0458926,0.0355236,1.58107
379,0.859657,0.555033,2.14779,0.00471285,0.0189085,0.00126574,-0.243561,0.0628686,0.993477,-0.0245002,0.568051,0.804013,0.0623466,0.00391288,1.58112
380,-0.875945,3.2793,-18.9735,0.0150759,0.0303907,0.0664041,0.770436,-0.507846,-0.303679,-0.237276,1.18362,1.21615,0.425316,0.0537229,1.58183
381,0.547155,1.01187,2.1909,0.0600101,0.00355475,0.00149259,-0.113767,-0.128372,-0.402682,0.647505,0.868005,0.939084,1.00711,0.0675707,1.58386
382,2.50219,-6.12706,-0.277735,0.00337793,0.000576749,6.77155e-06,-0.267083,-0.623978,0.840434,-0.45273,0.70383,2.56017e-42,4.40219,0.0947939,1.58482
383,-0.928086,0.938039,1.63448,0.0121501,0.000852563,9.89578e-05,0.0878619,-0.355767,0.969577,-0.121913,0,0.276923,0.931075,0.658384,1.58506
384,-59.1789,-12.7307,-19.3566,0.178018,0.103246,0.146045,-0.0517487,-0.611138,0.995946,-0.0480531,5.7121,2.54756e-42,5.7121,0.00391407,1.58808
385,3.62603,0.196944,1.76207,0.0246448,0.00232395,0.0139848,0.0135809,0.320266,0.8528,-0.435752,1.16777,1.00823,0.761543,0.021415,1.58922
386,-0.125815,-1.86502,-1.57233,0.0142846,0.000341557,0.00846334,0.104116,0.85362,-0.479172,-0.0967743,0.810697,0.699553,0.653472,0.0541234,1.5906
387,25.5817,-33.5719,-68.4512,0.036144,0.0407346,0.0815034,0.979713,0.148633,-0.116007,0.0679162,5.57976,2.54756e-42,5.57998,0.00870577,1.59074
388,1.38452,0.0738923,0.486092,0.0273771,0.00758406,0.0237187,-0.0147967,-0.267961,0.971508,-0.0994407,0.71997,0.595278,0.518741,0.02231,1.59082
389,-1.90404,-2.11451,0.651563,0.012178,0.00398504,0.00022541,-0.297047,0.0451744,-0.00263577,0.974785,0.912681,0.907066,2.61903e-42,0.071061,1.59243
390,-0.190161,0.706933,-1.0465,0.00935619,0.000108305,0.00945723,0.922651,0.140051,0.359149,0.0106416,0.630552,0.608364,0.5614,0.147789,1.59252
391,0.932522,1.51267,0.374376,0.0226851,0.00646645,0.00251284,0.543746,-0.360128,0.146277,0.967588,0.5852,0.780521,0.743843,0.0605531,1.59307
392,-0.890137,1.95058,-0.253419,0.00376391,0.00736214,0.0107307,0.197596,0.956304,0.000846052,-0.131648,0.696001,1.36407,0.76925,0.0261634,1.59311
393,-0.919666,-2.65683,0.174772,0.00402749,0.0308892,0.00291796,0.154725,-0.280241,0.0384416,0.997431,0.804786,0.610703,0.791536,0.00391546,1.59338
394,0.144621,1.85396,0.707468,0.00045913,0.012099,0.000914329,0.817927,-0.389376,-0.0798756,0.415936,0,0.381418,0.370694,0.43835,1.5935
395,-5.24699,0.262223,4.15192,0.000518357,0.0523984,0.00770944,-0.1125,0.664015,0.164595,0.588742,0.621373,0.565892,0.922703,0.00907503,1.59392
396,-0.774785,-0.611878,-0.755916,0.00253526,0.0128697,0.00542695,-0.00640387,0.904112,0.042512,-0.254427,0,0,0,0.0329996,1.59407
397,-3.45202,-0.604802,-1.50091,0.0102827,0.00013755,0.00309879,0.948577,-0.240907,-0.172817,-0.110908,0.915318,0.93022,1.09824,0.577515,1.59407
398,-0.0568284,-0.916131,1.09205,0.00754847,0.0153358,0.0104608,0.028109,0.272265,0.623717,-0.174675,0.776009,0.617506,0.299653,0.00389976,1.59438
399,-0.698065,0.282581,-0.219296,0.0243464,0.00185248,0.0097079,0.927394,0.0582971,-0.245769,0.275932,0.537294,0.636958,0.759778,0.118044,1.59442
400,-2.11588,11.4927,-23.0387,0.00114908,0.0222734,0.0105645,0.935612,0.0197733,-0.32315,0.140761,1.18962,1.26473,0.977258,0.00384979,1.59453
401,0.441259,-0.445751,0.20633,0.00133671,0.0106715,5.22582e-06,-0.342071,0.734106,0.637974,-0.232544,1.3184,1.14558,0.995686,0.128923,1.5947
402,-0.101265,-0.39152,-0.0646608,0.00232014,0.0300994,0.00155589,0.265699,-0.0575391,0.0954942,0.789979,0.803361,0.677959,0.559042,0.351708,1.59484
403,-34.3833,-73.2189,6.56638,0.00532226,0.00166185,0.0990057,0.967103,0.12188,-0.221653,0.0269785,6.23017,2.55176e-42,0.267901,0.136796,1.59589
404,1.63854,-0.151236,0.866591,0.00605441,0.00357088,0.000326894,0.923658,-0.314711,-0.212023,0.0534688,1.07601,1.0813,0.768233,0.0171264,1.59632
405,-0.606436,1.25339,0.472526,0.00099767,2.84977e-05,0.00413726,0.787958,-0.604321,0.0625829,0.100012,0.709838,0.830389,0.800048,0.00950102,1.59651
406,-3.13104,-2.90435,20.7841,0.0375798,0.0284386,0.0319923,-0.278572,-0.12739,0.961309,-0.0483345,0,0,0,0.0752953,1.59776
407,-0.614587,-0.946574,-0.539446,0.0121086,0.000729681,0.00182038,0.684655,-0.0909231,-0.00166001,0.723172,0.482022,0.141331,0.128872,0.984751,1.59815
408,-3.06611,1.79247,-0.324543,7.20584e-05,0.000811769,0.0118067,0.123476,0.888484,0.0281398,0.435782,2.54756e-42,3.00224,2.54756e-42,0.280707,1.59851
409,-1.0589,-0.807223,0.240604,0.00158755,0.0240482,0.00208981,-0.0818479,-0.262231,0.0624952,0.235633,0.8504,0.296313,0.477184,0.0778212,1.5986
410,-58.9216,64.3998,-47.1545,0.0229318,0.184307,0.150269,-0.0892155,0.457103,-0.160927,0.988999,2.54196e-42,2.98279,2.54196e-42,0.0299665,1.59875
411,-0.1624,-3.78527,0.686009,0.00233569,0.00651972,0.00131653,0.916474,0.272978,0.242187,0.164025,0.602664,0.353093,0.446701,0.0875419,1.59877
412,-0.724967,-0.861101,-0.218154,5.31493e-06,0.00336458,0.0113808,-0.00165785,-0.0901171,0.926693,-0.0106114,0.699026,0.970543,0.718157,0.125335,1.59888
413,1.94418,-0.553406,1.15212,0.000234558,0.00281753,0.0179204,-0.248213,-0.095572,0.937002,-0.0600773,0.66104,0.882982,0.895185,0.0342128,1.59911
414,0.51368,-1.71694,-2.89684,0.0128563,0.00138789,0.000246259,0.152783,-0.242274,0.140454,0.962248,0,0,0.818424,0.0537636,1.59922
415,0.534553,0.939881,1.73712,0.000853299,0.0124934,0.00097889,0.971252,-0.12623,-0.20181,-0.00291874,0.809486,0.968453,1.1633,0.0379155,1.59931
416,0.688676,0.183813,3.1127,0.000280054,0.0295378,0.00492753,0.199081,-0.207299,0.0784601,0.892215,0.369756,0.371409,0.580518,0.281794,1.59953
417,0.554631,-2.46722,2.51507,0.0155416,0.0803641,0.00719741,-0.378457,0.0586225,0.982406,-0.0675404,4.88212,2.54756e-42,1.34443,0.0227968,1.60019
418,-0.707368,-0.296256,-0.458421,0.0166942,0.00070019,0.00262856,0.0750192,0.921512,-0.257437,-0.290119,0.895207,0.750709,0.591071,0.03309,1.60045
419,-0.472733,-41.5441,-81.1327,0.0127045,0.19665,0.0600556,-0.242088,0.914973,-0.401554,0.0031402,2.54756e-42,5.70592,2.54756e-42,0.369053,1.60064
420,0.131583,-1.75355,-6.37853,0.00345331,0.00346576,0.0160768,0.988806,-0.0275598,-0.12186,0.0815637,0.857824,0.547375,1.43439,0.917726,1.60123
421,3.6243,-1.58788,2.40055,0.106791,0.0333182,0.000212501,0.00079215,-0.335054,0.00529566,0.992012,0.478017,0.539956,0.588816,0.160092,1.60129
422,-1.19052,0.843275,0.564772,0.0112159,0.00011596,0.00391712,-0.354697,-0.0614018,0.957771,-0.144285,0.420733,0.6079,0.818312,0.0906602,1.60232
423,-0.697972,-0.933331,0.429194,0.0370711,0.000248267,0.00636667,0.935105,-0.0920058,-0.260349,0.22211,1.02212,1.7196,1.66061,0.0752486,1.60246
424,0.611444,0.456258,-2.21552,0.00366173,0.00585114,0.000133776,0.0754526,-0.248581,0.0440587,0.960273,0.320307,0.447992,1.16665,0.00804941,1.60275
425,1.98483,0.146991,1.8161,0.00163566,0.000274307,0.00675437,0.889696,-0.285923,0.188003,-0.302232,0.717559,0.601341,0.49397,0.0648958,1.60333
426,-0.0151027,0.831795,0.954575,0.00169077,0.00106827,0.00954631,0.91356,-0.0594154,0.400251,-0.0409508,0.847658,0.991954,1.20254,0.0038762,1.60336
427,1.45622,-2.13905,0.545471,0.000965519,0.0449681,0.00297282,-0.0859523,0.484959,-0.79545,0.363415,0.772598,0,0,0.0409619,1.60347
428,-73.5279,50.3388,-42.5517,0.0110771,0.0293973,0.0564264,0.957373,-0.0369587,-0.286408,-0.00643549,7.05822,2.59941e-42,7.05841,0.00544032,1.60348
429,1.06403,5.00119,-3.1217,0.000951278,0.0255756,9.37178e-05,0.969909,-0.127122,0.199835,-0.0564218,1.77719,1.59111,0.821796,0.0970889,1.60454
430,-0.118074,1.08698,-2.74705,0.070858,0.0124781,0.000413321,0.658274,-0.438559,0.132621,0.597287,0.485192,0.297316,0.507876,0.00390991,1.60649
431,-15.291,-0.808933,-2.89931,0.146463,0.0227237,0.0152651,-0.0208564,0.142077,0.0580771,0.981147,0.505367,0.528542,0.273097,0.959965,1.60746
432,0.488195,0.5593,-0.176897,1.60578e-05,0.00964091,0.00186407,0.959332,-0.0529933,-0.275276,-0.0331127,0.481763,2.53215e-42,0.67425,0.00391675,1.60826
433,1.34401,-0.219299,2.14596,0.0358782,0.0729582,1.04041e-05,-0.0107561,0.999867,-0.0075286,0.00185227,0.470763,0.675218,0.758862,0.00391577,1.60983
434,-1.71425,-2.89585,0.422654,0.00177061,0.000351646,0.00441782,0.0225514,0.623153,-0.132875,0.665234,0.611777,0.183823,0.114448,0.0359334,1.61109
435,0.723819,0.329784,6.70775,0.00187841,0.00716693,0.0742721,0.948049,-0.150395,0.258062,-0.109487,0.52319,0.547323,1.02199,0.0039137,1.61197
436,42.274,-24.2426,-30.5786,0.00735546,0.08574,0.0308142,0.315319,-0.0992175,0.408548,0.936262,2.61482e-42,0.798109,2.61482e-42,0.0101619,1.61304
437,-0.2536,-0.320029,1.03391,0.0213567,0.00187366,0.0538451,0.0622612,-0.392431,0.796468,0.602725,0.270523,0.0816515,0.205112,0.0264429,1.61384
438,1.74683,0.692765,0.194168,0.00105634,0.000482105,0.0098222,0.218176,0.871122,-0.23329,0.267358,0.931534,0.934477,0.915448,0.00390549,1.61511
439,-0.00528497,0.908854,1.13364,0.00550937,0.0049727,0.0167968,-0.305477,0.144917,-0.0136446,0.853829,0.0258873,0.0523393,0.177406,0.523508,1.61811
440,-0.920357,-1.40166,-1.0919,0.0989168,0.00562629,0.075682,-0.232882,0.00563432,-0.545696,0.827935,0.519901,0.691389,0.967636,0.00391866,1.62004
441,0.0860882,-0.433884,-3.24951,0.000870125,0.00218437,0.000338159,-0.206198,-0.0055515,0.952565,-0.189293,0.454727,0.482757,0.791869,0.0447249,1.62095
442,-1.20873,-0.430165,-0.896437,0.00964377,0.0576593,0.00249431,0.241405,-0.469459,0.995918,0.0191974,0.469077,0.441943,0.402966,0.042654,1.62205
443,-3.51616,0.453184,-2.29521,0.000236093,0.00798718,0.058479,-0.344781,0.891261,-0.0291785,0.45243,0.57192,0.478964,0.459017,0.0115532,1.62278
444,1.77747,-0.696812,1.56312,2.0626e-05,0.03211,0.0312419,-0.330986,0.0581332,0.938367,-0.182501,0,0.301572,0.252779,0.998672,1.6229
445,1.70984,-0.324797,1.62866,0.00272103,0.000771169,0.0135545,-0.326946,-0.152476,0.162752,0.973203,0,0.105228,0.159984,0.076772,1.62424
446,-1.86203,-0.0215662,-3.75476,9.02386e-05,0.0043391,0.0144874,0.732327,0.0495291,0.664649,-0.139591,5.45072,2.61202e-42,5.45823,0.0238432,1.62429
447,0.403023,-3.34123,0.624284,0.00198021,0.0136708,6.74094e-05,0.212138,0.948613,0.313698,-0.0266544,0.681261,1.39746,1.07584,0.0196177,1.62613
448,-1.68218,-0.994131,-3.82481,0.00925589,0.000194997,8.95952e-06,0.249375,-0.157778,0.127691,0.572227,2.56017e-42,4.40108,2.56017e-42,0.0790268,1.6293
449,3.07005,-1.51201,0.166691,0.0173167,0.127587,0.0261032,0.0819036,0.992835,0.0490902,0.0867449,0.122072,0.31552,0.36065,0.00391482,1.63092
450,0.236015,-1.42464,0.207571,0.00454491,0.00357728,0.0136176,0.0715166,0.904853,-0.120637,0.403375,1.31432,0,0,0.114399,1.6339
451,-0.537789,-1.35693,-1.21008,0.0156739,0.000165165,0.00013112,-0.228657,0.792198,-0.55153,-0.144607,0.550315,0.481688,0,0.140519,1.64066
452,-1.45953,-0.243888,0.701401,0.00714123,0.0208142,0.00271999,0.151519,-0.0786965,-0.304408,0.999285,0.602914,0.644526,0.577354,0.00516077,1.64281
453,0.222583,-0.404225,0.128454,0.0159431,0.0274672,0.0202395,-0.00897183,0.964646,-0.00776328,-0.227057,0.422846,0.636874,0.587868,0.0548333,1.64509
454,0.601875,1.22732,-0.640061,0.000510793,0.0033726,0.011285,0.923809,-0.10516,-0.312633,-0.194366,1.19782,0.845059,0.910186,0.00392101,1.65846
455,-1.0625,1.68661,0.0211902,0.0173924,9.80903e-05,0.00278899,-0.302411,-0.137782,0.995438,-0.0348344,0.975322,0.104565,0.101389,0.00548971,1.6626
456,-81.3701,3.86896,-25.0521,0.203689,0.00195037,0.381195,-0.0111297,-0.0781395,0.915293,0.380287,7.04955,2.59941e-42,7.04973,0.0197787,1.66617
457,-1.62163,-1.27005,-0.665123,8.60668e-05,0.00184827,0.00498307,0.228674,0.372327,-0.0462849,0.715647,1.08797,0.905509,0.937641,0.037222,1.66697
458,0.143999,0.999946,6.1114,0.436689,0.0653401,0.0336439,-0.193957,-0.108875,0.388723,0.298715,0.828964,0.727913,0.558054,0.0187264,1.68064
459,0.920383,-1.39272,-0.0535443,0.00253152,0.025122,0.0252781,-0.284845,-0.0135312,0.102984,0.968827,0.583743,0.137581,0.213171,0.0573144,1.68436
460,-1.48195,0.453647,-1.09855,0.000650147,0.00636228,0.0053127,-0.115404,0.866999,0.137003,0.444287,0.362439,0.278468,0.192669,0.0461018,1.68454
461,0.867225,0.952407,-1.24645,0.00495763,0.0144762,0.0732787,0.334051,0.157053,-0.178803,0.966027,0.777208,0.921701,0.170601,0.033019,1.68854
462,-46.4078,-77.6743,19.9628,0.00235574,0.0110502,0.00155696,0.460818,-0.156062,0.882439,0.349702,1.0714,2.60782e-42,1.07158,0.00391776,1.69308
463,-0.0664089,0.0764393,-0.12721,8.20953e-05,0.0159727,0.000722591,0.298009,0.961196,0.0158525,0.268195,0.764772,0.476957,0.558986,0.0314118,1.70818
464,0.307229,1.56909,0.998262,0.0117252,0.000187286,0.00447999,0.1696,-0.0303685,0.997094,0.0697289,0.179458,0.158029,0.386578,0.00822806,1.72179
465,2.42082,0.751645,0.419255,0.000987069,0.00736481,0.00390711,-0.0861429,-0.198307,0.174856,0.848774,1.17552,1.17613,1.12828,0.00520138,1.7406
466,0.177979,0.930346,-0.848755,0.00151603,0.0211485,0.045716,-0.18336,-0.428365,-0.227308,0.85265,0.690197,0.46903,0.433451,0.0403248,1.75216
467,0.213918,-0.401025,0.0748778,0.00256393,0.00370912,0.00664537,-0.0281746,-0.168091,0.908628,0.255383,0.524037,0.696271,0.59377,0.0412597,1.7524
468,0.405019,4.08401,-1.29411,0.0518401,0.0272999,0.000435392,-0.215937,0.32562,-0.129939,0.946605,0.591944,0.726122,0.28675,0.03301,1.77534
469,-0.480967,1.96921,1.95231,0.00482567,0.0147378,0.00112191,-0.0878408,0.624279,0.118236,0.761364,1.28909,1.04711,1.38679,0.0393294,1.78537
470,0.288588,1.27843,0.459473,0.00248976,0.0430016,0.00195584,-0.0207036,0.715342,0.225333,-0.621897,0,0,0,0.0576849,1.78677
471,-0.167107,1.03426,1.98182,0.0198544,0.00160907,6.93983e-05,-0.36454,-0.177073,0.950697,0.211614,0.508178,0.348187,1.01454,0.0262051,1.78963
472,-0.079351,-1.5814,-2.45344,0.00126141,0.0201319,0.0200452,-0.187529,0.806316,0.566389,0.0503043,1.2204,0.973001,0.888251,0.0239459,1.78976
473,1.41876,-0.255351,0.703332,0.0124299,0.00264735,0.00265231,-0.152342,-0.374879,-0.280663,0.971367,0.127397,0.459544,0.442696,0.0748893,1.79074
474,-0.320438,-1.34322,-1.29225,0.001979,0.00546132,0.026829,0.97884,0.16829,-0.0650758,0.0965203,0.529955,0.521544,3.93796,0.0385647,1.79074
475,-0.249404,0.364871,1.90089,0.0243789,1.36201e-05,0.000419992,-0.174842,-0.0530703,-0.269547,0.932026,0.768612,0.221382,0.847932,0.00372069,1.80121
476,0.693259,-1.19195,-3.25284,5.37439e-05,0.0028867,0.0198568,0.149399,-0.13879,-0.434235,0.870458,1.15182,1.02032,0.652634,0.0809075,1.80448
477,0.404671,2.22038,0.359828,0.00789494,0.00171696,0.0179521,0.0128832,-0.254839,-0.0215356,0.92011,0.63516,0.762085,0.740526,0.0106497,1.80757
478,1.96752,-0.398796,1.39607,0.000991897,0.00583849,0.000974306,0.644341,-0.273509,0.175281,-0.692311,0.72219,0.639202,0.555101,0.0552969,1.81822
479,0.500693,18.1832,-32.9254,0.0802998,0.0658701,0.00297466,-0.560213,0.969682,-0.156249,-0.158172,0.6898,1.14525,2.60782e-42,0.0349275,1.82036
480,1.33725,1.87754,-0.179699,0.0503374,0.00191806,0.00956208,0.850964,-0.138568,-0.506603,0.00344619,0.372943,0.390517,0.12341,0.0484298,1.82364
481,1.34686,-0.0164375,0.717125,0.00114677,0.00923106,0.00236136,-0.262749,0.133735,0.996345,-0.015221,0.0581217,0.0543642,0,0.0336781,1.82451
482,0.231219,-2.14916,-0.372364,0.00730852,3.89697e-05,0.0325391,0.393539,-0.242559,0.970586,0.135578,0.00268561,0,0,0.013758,1.82832
483,-7.4485,-6.46254,-1.73105,0.0677625,0.07975,0.0393587,-0.309602,-0.417626,0.556895,-0.137504,2.28271,1.34257,1.45624,0.0145264,1.82906
484,-6.3568,0.58989,3.81978,0.000177503,0.037439,0.000684078,0.84195,-0.233835,0.423397,0.239116,0,0,0.327974,0.0323872,1.8306
485,6.36626,0.556731,3.3649,0.0188464,0.000310756,0.0257071,0.962958,-0.0454243,-0.265785,-0.00255949,0.814377,0.709139,0.605039,0.045691,1.83144
486,0.711976,-0.0740726,1.16385,0.00368088,8.51971e-05,0.00408565,0.0086677,-0.273362,0.118913,0.944858,0.177156,0.16415,0.522886,0.00818232,1.83458
487,2.1554,-3.16076,0.903907,0.0515634,0.0238437,0.00699132,-0.171616,-0.216767,0.174291,0.909147,0.503235,0.201689,0.278069,0.0183399,1.83967
488,-28.5365,-65.4117,-11.3751,0.000382497,0.0421461,0.0116375,0.992335,0.0874197,0.0339156,-0.0804908,8.67126,2.57839e-42,0,0.121905,1.8416
489,-1.30773,-3.23089,0.965307,0.000772357,0.00113486,0.000638427,0.731814,0.498482,0.378899,-0.269072,0,0.0312822,0.0258474,0.0473029,1.85071
490,0.0683937,-1.58622,-0.0336106,0.000834625,0.0149192,0.0153928,0.898377,0.282759,0.0345711,0.334322,0.627629,0.521837,0.552018,0.0273289,1.85348
491,0.604927,-0.354206,-1.12766,0.00256839,0.000799763,0.0185545,0.249113,0.548115,-0.472895,0.854605,0.321243,0.277154,0.294229,0.0500121,1.85432
492,-0.509096,5.04302,42.9423,0.00535435,0.0265168,0.00138444,0.402436,0.138955,-0.16093,0.967105,2.57839e-42,4.00811,2.57839e-42,0.0551652,1.86032
493,-0.784149,1.02567,-0.309068,0.0129749,0.00383709,0.035855,-0.208779,-0.0201814,0.861346,-0.260686,0.961659,0.932556,0.493267,0.0107421,1.8604
494,-0.278231,0.729656,2.03215,0.00582976,0.000878547,0.000945527,0.00504024,0.918253,-0.102481,-0.38155,0.819671,0.7457,0.773046,0.056475,1.86692
495,0.382776,0.541518,0.186364,0.00483741,0.0218303,0.00231987,0.0795636,0.301396,-0.269928,0.912747,0,1.13193,0.828576,0.025546,1.86933
496,-1.00602,-1.40113,0.174339,0.00630333,0.00766086,0.00303281,0.975947,-0.152713,-0.154348,-0.0195588,0.232278,1.06867,1.03074,0.0376157,1.88067
497,-2.32356,0.124526,-4.10395,0.0344926,0.00736868,0.00408603,-0.11153,0.829106,-0.0593036,0.252217,2.56157e-42,1.95554,2.56157e-42,0.0652247,1.88079
498,-1.41374,-0.407009,0.236444,0.000347584,0.00176116,0.00148184,0.669142,0.203143,0.203586,0.685226,1.22705,0.519087,0.466813,0.00385273,1.88132
499,-3.86559,0.849552,0.240134,0.000601485,0.0216283,0.00953489,-0.231478,-0.0859421,0.870147,-0.0849514,1.0989,0.939698,0.774943,0.108752,1.887
500,-0.602087,-0.191471,0.682891,0.0132206,0.0109654,0.000240329,0.91577,-0.336257,-0.214175,-0.0492461,1.12108,1.39557,1.31753,0.0451615,1.89288
501,-3.85726,0.621639,-1.66284,0.0199195,0.00158126,0.00273217,0.0521798,-0.289724,0.0817727,0.903732,0.287248,0.251451,0.039163,0.0422414,1.89336
502,2.39593,-0.119268,0.0117014,0.00333902,0.00362409,0.0335902,0.701984,0.765747,0.62797,-0.128116,0.931584,0.0281909,0.0279264,0.0258976,1.89748
503,-0.606532,1.25277,1.96082,0.0121453,0.000831931,7.70765e-05,0.964514,-0.0898642,-0.224254,0.106527,0.983642,0.8492,0.573964,0.0308092,1.90386
504,-4.10044,0.861806,-0.00551381,0.00796944,0.00818781,0.0584576,0.927354,0.099007,-0.353904,-0.0704594,0.15398,0.113751,0.0467201,0.0136011,1.90558
505,-8.43241,-9.85007,-1.08946,0.000769271,0.0124581,0.00832047,0.077399,-0.278288,-0.0934966,0.845455,2.52514e-42,0.230961,2.52514e-42,0.0466468,1.90777
506,1.00884,1.91222,-13.5066,0.000701965,0.00649413,0.00281674,-0.0192246,0.175862,-0.0891827,0.963187,0.0455996,0.319458,0,0.0120513,1.92585
507,0.360266,1.96328,-0.361405,0.00485243,0.0001653,0.0017661,0.117967,0.69741,0.315355,-0.599702,1.16251,0.176027,0,0.101606,1.92825
508,1.7963,-0.719361,1.61166,0.00279331,0.0116131,0.00072394,0.429914,-0.465981,-0.696595,-0.335844,0.760309,0.924213,0.966728,0.00392136,1.92987
509,0.51669,-0.316013,0.270718,0.00350471,0.0125378,0.00757718,-0.209636,-0.211993,-0.0436207,0.950867,0.716862,0.530189,0.41342,0.0506555,1.93078
510,-6.4428,0.649439,-2.16004,0.0103199,0.0166723,0.126765,0.387185,0.215111,-0.105144,0.880387,0.112756,0.586396,0.815316,0.016629,1.93512
511,0.685361,0.482757,1.23743,0.0242385,0.014098,0.00633113,0.932122,-0.342457,-0.0767969,0.089294,0.764747,0.680092,1.1021,0.0536072,1.93806
512,-2.17974,0.307168,-0.462452,0.00169442,0.0179387,0.0066734,0.964347,0.167222,0.20199,0.0356635,0.0837233,0.074348,0.0994849,0.0198489,1.93894
513,12.5503,-14.0077,0.00379857,0.00341387,0.0220745,0.00222253,0.169153,0.877976,0.0892677,0.310306,0,1.08645,0.97174,0.0150187,1.94124
514,0.209047,1.4818,1.94814,0.00987299,0.00458421,0.00226841,0.0926645,0.408672,0.987179,-0.0192057,2.61144,1.47153,0.688671,0.0283567,1.94304
515,-0.331147,0.0634993,-0.598326,0.00557788,0.00482182,0.00277231,0.941888,0.0108893,-0.262843,-0.208908,0.691061,0.725846,0.650963,0.0588432,1.94319
516,0.750075,0.110947,0.19273,0.00506368,0.00403013,0.0219486,-0.101354,0.930335,-0.00225803,0.365683,0.272715,0.291778,0.60909,0.0502533,1.95958
517,0.330146,1.08968,2.22721,0.00512769,0.00202529,0.00247196,0.0762996,-0.478855,0.993216,-0.0102466,0.84804,0.868077,0.652428,0.0274596,1.96863
518,0.439858,-2.95727,-0.253,0.00371475,0.0058468,0.0007348,0.889105,0.180989,0.282884,-0.310985,0,0.639578,0.693237,0.0156548,1.97431
519,-3.25131,0.519104,-1.71155,0.000291275,0.0079897,0.00143401,0.829714,0.924543,-0.260742,0.275349,0.651231,0.686288,0.666218,0.0468506,1.98921
520,0.517611,0.536421,-1.70715,0.00220524,5.64278e-05,0.000181958,-0.235378,-0.187344,0.543396,0.879897,0.675138,0.553234,0,0.0112239,1.99762
521,2.21313,-0.0937829,1.57581,0.00624148,0.000842828,0.000444798,-0.274185,0.0238769,0.876944,-0.0564685,0.541852,0.542787,0.370354,0.0341975,2.00497
522,0.48221,-2.30183,-3.08167,0.0017027,0.0131086,0.00341707,0.0749636,0.337971,0.123289,0.973074,1.16151,1.09166,1.07366,0.0467539,2.0112
523,0.744464,-1.21004,0.963216,0.0146519,0.0189534,0.000646757,-0.193059,-0.0823866,0.966618,0.108341,0.957736,0.896203,0.773353,0.125983,2.02995
524,1.53382,0.439028,0.721197,0.00146097,0.0424502,0.0016776,0.962783,0.0417321,-0.266835,0.0102973,0.537658,0.129878,0.12828,0.00390779,2.03024
525,0.962608,0.0739644,0.389402,0.0182594,0.0101808,0.013599,-0.0484099,0.0615283,-0.017311,0.990531,0.81086,0.765423,0.643246,0.0295918,2.03174
526,-0.623884,0.854654,-0.215372,0.00419086,2.99064e-05,0.00368035,0.0676838,0.218276,0.150817,0.987632,1.07901,1.86194,1.08697,0.0227224,2.03665
527,-0.0201234,2.50725,7.21486,0.0513029,1.88009e-05,0.058851,-0.280944,0.938501,0.0338921,-0.339898,1.3118,1.31394,0,0.0230432,2.06192
528,0.121144,-6.06861,0.294398,0.00615211,0.00705817,0.0133885,-0.0989173,-0.151049,0.940854,-0.15212,0,0.972826,0.767723,0.901834,2.06773
529,0.703737,0.455001,-0.166919,0.00185562,0.00232592,0.000241758,0.812924,0.533279,-0.200918,-0.119996,1.0709,1.061,0.0913295,0.0254667,2.07407
530,-2.79099,0.872586,0.844031,0.0778647,0.000164121,0.000520967,-0.0618439,0.984596,0.101986,-0.0618958,1.28569,1.17315,0.98823,0.00392128,2.07408
531,0.0488485,0.31274,1.82076,0.00402063,7.68488e-05,0.00803687,0.177226,0.991326,-0.121205,0.0360965,0.570537,0.643514,0.663372,0.0358614,2.07621
532,-0.485473,-0.337939,-10.1229,0.00344697,0.00247165,0.011501,0.0198975,0.983395,0.0101556,0.0381222,0.553532,0.600884,2.57839e-42,0.169333,2.08284
533,-0.240549,-0.787973,-0.766589,0.0108414,0.000282393,0.00621151,-0.0153293,0.765494,-0.177127,0.460947,0.915147,0.44914,0.47833,0.0566444,2.0872
534,-1.0252,-0.945703,-9.90292,0.00453802,8.03864e-05,0.0833997,-0.295506,0.00457933,0.913817,0.337948,2.11734,2.53215e-42,2.12463,0.00467698,2.08938
535,-48.4574,-12.0919,-28.8834,0.100301,0.0296607,0.355611,-0.177259,0.322908,0.984051,-0.0436914,4.01629,2.54756e-42,4.01713,0.088146,2.09752
536,-3.55703,0.830926,-0.0231648,0.0302235,0.00559369,0.0160457,-0.030729,0.989293,-0.0552894,0.0708412,0,0,0,0.0828692,2.10209
537,-0.810632,-0.700671,-0.431866,0.0108421,0.0029006,0.00283043,-0.0209782,-0.0437672,0.0466756,0.952971,0.838432,0.854417,0.842039,0.00390788,2.11734
538,-1.03992,-2.15621,0.496133,0.000572334,5.53937e-05,0.00316571,-0.328163,-0.0562742,0.871126,-0.362072,0.699161,1.22341,1.18623,0.0319819,2.11971
539,-68.1289,57.0618,-31.0253,0.0711073,0.00157772,0.0752975,-0.0545957,-0.168783,0.669608,0.679572,6.25426,2.55036e-42,6.25428,0.0460334,2.12241
540,0.912358,0.775488,1.75707,0.00264746,0.0561552,0.0105749,0.635668,0.28476,-0.483986,0.529712,0.238693,0.24636,1.20031,0.0471601,2.12658
541,-2.38028,0.487743,-1.62368,0.00172027,0.00225385,0.000638553,-0.311685,0.0443768,0.999319,-0.0119406,0.810766,0.761173,0.699901,0.0135143,2.12904
542,-69.8877,27.8904,-37.0296,0.0331433,0.00193732,0.00822533,-0.0519327,-0.183466,0.00873586,0.97219,2.55457e-42,0.729418,2.55457e-42,0.0264357,2.14137
543,-2.83481,0.26049,0.211634,0.000237554,0.0621078,0.105226,0.427086,0.00595554,0.983039,-0.0479196,1.14361,1.1838,1.16954,0.0217558,2.14943
544,0.825316,0.175919,0.686537,0.00107512,0.00294425,0.000192017,0.753995,0.0791117,-0.618534,0.206515,0.373197,1.10354,1.10692,0.00391293,2.1681
545,-0.335594,-0.317179,0.0717302,0.00559222,0.00112954,0.00822626,-0.828119,0.763234,0.14415,0.482823,0,0,0.660722,0.00391521,2.17175
546,-14.0077,0.00379857,-4.51961,0.0220745,0.00222253,0.104654,0.877976,0.0892677,0.310306,0.353412,1.08645,0.97174,0.939535,0.0996369,2.17899
547,-2.94663,-0.198981,-1.85384,0.000511743,0.0121894,0.00234729,-0.252498,0.0662616,0.935222,-0.197204,0.269372,0.219277,0.218578,0.0615736,2.18183
548,1.40845,1.43331,0.416049,0.0101153,0.0363348,0.00852783,0.0723971,-0.387869,0.703045,0.970047,0.797695,0.192726,0.169457,0.016493,2.1893
549,-0.273987,1.74959,0.679942,0.00219445,0.00695333,0.000221915,0.981937,0.0128478,0.0303967,0.186307,0.936663,0.446873,0.460242,0.0871136,2.19299
550,1.55,0.730756,0.297081,0.00255738,0.000228184,0.00682962,0.698717,0.299373,0.640005,-0.112088,1.08416,1.19247,1.20601,0.0146108,2.20229
551,-3.61905,0.851288,0.346854,0.0167688,5.53234e-05,0.0138092,0.977702,-0.133217,0.158455,0.0352673,1.27509,1.16676,1.00192,0.0313912,2.21952
552,1.0003,2.36509,-2.89911,0.0133059,0.00132737,0.00516661,0.191372,0.855324,0.155082,0.493255,1.17977,0.887958,1.11054,0.0195152,2.22446
553,0.2372,0.376757,-0.742187,0.000126969,0.00717879,0.0144634,0.890377,0.1455,0.356852,0.242312,0.738268,0.630386,0.802703,0.0620583,2.23733
554,-47.9655,-71.6866,64.0168,0.00594894,0.215635,0.0391339,-0.0250872,-0.0736693,0.926636,0.179499,4.03992,2.54756e-42,4.04044,0.0451521,2.24529
555,-0.644308,-3.59561,-0.0578389,0.062339,0.0049937,0.0254196,-0.0627871,0.0888746,-0.0433309,0.932916,2.47189e-42,6.28339,0.686202,0.152868,2.24545
556,3.02986,0.0943543,1.41722,0.00154525,0.00714334,0.00266904,0.0388027,0.969794,-0.0716904,0.129287,1.17354,1.19777,0.705164,0.0203802,2.247
557,-1.43209,0.50691,-2.99562,0.0228403,0.0311602,0.039322,-0.0969909,0.0383988,0.959443,-0.266632,6.0731,2.53075e-42,6.07724,0.00990835,2.24794
558,-0.167217,-1.96035,-6.77187,0.0102978,0.00185207,0.00199358,0.209271,0.952784,0.163603,-0.0291645,0.626696,0.432643,0.705359,0.00391958,2.25978
559,10.1651,-25.4624,-5.97291,0.0606976,0.0384737,0.0107542,-0.1033,0.833986,-0.0735596,-0.538491,0,9.49009,2.56017e-42,0.158888,2.28245
560,0.963062,1.14243,-3.06376,0.00320759,0.0032146,0.0331622,0.172633,0.967783,0.113603,-0.108645,1.44343,1.41783,0.174905,0.0944553,2.28705
561,15.801,-45.8491,-76.1297,0.173518,0.120136,0.567275,0.177531,0.991299,0.0693285,0.0478913,2.53915e-42,0.734817,2.53915e-42,0.00392049,2.29948
562,-1.38967,-0.335832,-0.0511716,0.0104895,0.00284348,0.000574755,0.246723,0.966741,-0.230307,-0.0869073,0.623924,0.595649,0.616688,0.0220835,2.30275
563,0.266758,-1.52415,-2.23042,0.0314036,0.0503379,0.00246331,0.144324,0.888998,0.346029,-0.298916,0.13582,0.117715,1.33455,0.130851,2.30709
564,-1.04985,-0.104331,-0.95689,0.00521716,0.00555659,0.00952919,0.0411839,-0.346163,-0.111166,0.875993,0.658052,0.598447,0.378547,0.528779,2.31273
565,-2.5418,-1.38779,0.779667,0.168244,0.0213024,0.133525,0.8536,0.0376611,-0.509023,-0.104131,0.847586,1.15182,1.74101,0.0204832,2.3519
566,5.95289,-2.14057,1.18741,0.189121,0.0805181,0.0134948,-0.179397,0.763182,-0.0792732,0.640043,1.22716,1.18678,1.21528,0.025638,2.37851
567,11.9395,5.90799,-0.988237,0.0466444,0.041527,0.000474945,0.0251473,0.998392,-0.0473235,-0.0312028,1.01958,1.05442,1.07462,0.102618,2.38423
568,1.39434,-2.19273,0.495208,0.00491971,0.00154683,0.00447895,0.643097,0.137152,0.00811811,0.959564,0.662679,0.485134,0.415483,0.031009,2.41131
569,-2.75403,0.276066,-1.87925,0.0044559,0.00141014,0.0094805,-0.470579,-0.023691,-0.571636,0.986416,0.295472,0.331055,0.200763,0.0195719,2.42201
570,0.3028,1.41193,2.2171,0.0171896,0.000790761,0.0165704,-0.481619,0.566922,-0.055788,0.915348,0.330575,0.33556,0.78962,0.0380214,2.42473
571,-1.31729,-0.437469,-0.836193,0.00129945,0.0135567,0.00108513,-0.0390603,-0.244753,0.10605,0.765284,0.712732,0.531063,0.839753,0.117133,2.43744
572,-1.55066,-3.20475,0.954823,0.0124005,0.00805263,0.00264484,-0.0828332,0.909631,0.238846,0.0621755,0,0.686495,0.677417,0.0167662,2.49312
573,0.323372,7.79574,14.6675,0.0508736,0.00142929,0.058286,-0.13399,0.980729,0.109644,-0.123637,0.503699,0.311738,2.60642e-42,0.0253192,2.51081
574,2.37627,-0.104191,1.40679,0.00224899,0.00635454,0.000501792,0.0377335,0.905343,-0.327404,0.258789,0.0339225,0,0,0.0176971,2.5265
575,47.9359,-44.8887,-71.7867,0.110981,0.0415748,0.171626,0.956042,-0.174976,0.230504,0.0472752,6.14799,2.60081e-42,6.14882,0.0441113,2.54929
576,-14.1032,-12.9357,-4.63687,0.090427,0.0105756,0.10794,0.950559,-0.0601419,0.292892,-0.0838751,0.206415,0.432196,0.424705,0.0653162,2.56512
577,0.805668,0.609937,-2.2601,0.0830341,0.0150196,0.0353074,0.948126,-0.166457,-0.150786,0.224974,5.32708,2.47189e-42,5.32721,0.0696744,2.56684
578,-1.43616,1.95699,-0.42466,0.000618635,0.00396618,0.00480128,-0.258676,0.0243584,0.884408,-0.368368,0,1.65614,0.726318,0.153087,2.58672
579,-43.0912,-65.394,-11.3952,0.289932,0.217512,0.142469,0.00066911,-0.190791,0.942555,0.191694,0.769481,2.53495e-42,1.05877,0.0396397,2.61824
580,1.26571,-1.05211,0.969123,0.0110309,0.00421636,0.0032183,0.0600378,0.960644,-0.153981,0.181555,0.333101,0.904471,0.940702,0.0628992,2.61895
581,36.0788,-41.9751,-75.5698,0.016054,0.0828431,0.00718298,0.84006,-0.0989644,0.455172,-0.278071,0.912922,2.60782e-42,0.913033,0.0395149,2.62894
582,0.391244,1.95769,0.150864,0.0552184,0.031839,0.00335878,0.925034,-0.231895,0.215097,0.210406,0.420589,0.828594,0.636272,0.0507007,2.64937
583,-0.335832,-0.0511716,-1.95811,0.00284348,0.000574755,0.0523431,0.966741,-0.230307,-0.0869073,0.0694079,0.595649,0.616688,0.997669,0.118,2.6544
584,-2.37725,-0.753119,-0.297516,0.00929438,0.00928074,0.0022129,0.905852,-0.358966,-0.202661,-0.0974909,0.693253,0.872318,1.13401,0.0444946,2.68376
585,1.16325,-1.34992,1.0856,0.0121138,0.00235185,0.00139731,0.961763,-0.0345349,-0.269311,-0.0359208,0.198586,0.790516,0.705135,0.0694839,2.70089
586,0.871802,1.1514,-2.51485,0.00768258,1.90399e-05,0.014691,-0.104843,0.953792,-0.0346204,-0.294177,0.121476,0.0437949,1.27641,0.0831495,2.71665
587,0.307013,1.58757,2.42726,0.0106421,0.00279795,0.000109321,0.0159303,0.930745,0.00907727,-0.365551,1.039,0.874992,1.21843,0.0630103,2.72492
588,0.393234,0.337177,0.0736457,0.00860788,4.84557e-05,0.000256417,0.958321,0.137714,-0.242375,0.0625283,1.03956,0.966392,1.43467,0.0619926,2.73826
589,-1.49922,-0.877789,-0.485149,0.00476902,0.00856394,0.00155247,-0.111617,0.0377559,0.915014,-0.0509625,0.153388,0,0,0.0214709,2.74924
590,-0.682631,1.54144,1.95161,0.00758833,0.00994114,0.000822876,-0.107321,0.985184,-0.0686585,0.00341894,0,0,0.933126,0.0458894,2.77826
591,7.83427,12.618,-2.19344,0.182099,0.0520801,0.262373,-0.0829895,-0.256752,-0.230922,0.526029,2.60782e-42,0.997958,2.60782e-42,0.0429308,2.79328
592,-0.232129,1.21632,2.36527,0.00614993,0.00426851,0.00060309,-0.0461657,0.796969,-0.558001,-0.148004,0.876444,0.938595,0.506439,0.0999135,2.81402
593,-0.973857,0.258023,1.8278,0.00315496,0.0214746,0.000478403,0.898812,0.167071,0.403628,0.0361899,0,0,0.757776,0.075737,2.83697
594,0.429128,0.503996,-0.0880979,0.0124607,0.0151922,0.076867,-0.321164,-0.25366,0.967987,0.0803701,0.472778,0.506456,0.440915,0.060687,2.86176
595,-2.02317,0.0624569,-1.56618,0.00195556,0.00210153,0.00694714,-0.184977,-0.236575,-0.0393448,0.881172,0.900851,0.836404,0.624878,0.0340713,2.91292
596,-3.6981,-2.45749,-0.319911,0.0168281,0.0478591,0.0104785,0.0463838,0.191461,0.845378,0.351587,5.10683,0.582606,0.732925,0.0226856,2.92136
597,-0.643257,1.5409,1.5972,0.0030244,0.00786103,0.00329964,-0.00734548,0.868444,0.273359,-0.412916,0.0571902,0.147585,0.936525,0.0371074,2.93485
598,0.300057,0.375356,-0.623674,0.0208597,0.0147852,0.0542484,0.139045,-0.0790721,0.963782,-0.224436,1.24095,0.588435,0.72374,0.0336584,2.94038
599,1.07117,2.71803,0.897085,0.0178708,0.00541236,0.157715,-0.135009,0.963151,0.0557369,0.262839,0.909147,0.92112,0.853111,0.0506266,2.9514
600,-18.358,1.99764,-31.8905,0.0168878,0.00247891,0.171077,-0.347104,0.658893,0.938972,-0.186775,3.64162,2.54896e-42,3.64178,0.0699555,2.95563
601,-1.03331,-1.42051,-2.96287,0.00455388,0.0548864,0.00780848,0.0296881,0.970387,0.0271968,-0.225023,0.713486,0.878191,0.541322,0.122,3.02449
602,-0.443593,1.08346,-0.0775179,0.00244309,0.00417709,0.0153964,0.0410702,-0.0801301,-0.10862,0.976296,0.941668,0.797929,2.47189e-42,0.0738602,3.0471
603,1.77058,1.72984,-0.307745,0.00199625,0.000605922,0.0021768,0.0430621,-0.195051,0.978982,-0.000555704,0,0.229462,0.0639384,0.0155856,3.0553
604,-2.61445,0.620014,-2.50151,0.167326,0.0320766,0.0194034,0.278113,-0.108275,0.287734,0.877378,0.736205,0.800343,0.744119,0.079561,3.05733
605,-0.828754,-0.139798,-1.33826,0.0270096,0.0023895,0.0168781,0.93922,0.107977,-0.325346,0.0188687,0.294997,0.286194,0.702247,0.0485572,3.12506
606,-3.43238,0.724758,-0.926783,0.00263091,0.00266094,3.09631e-05,-0.0531983,-0.700621,0.991254,-0.00675449,0.50226,0.613295,0.765762,0.0293126,3.14689
607,-3.58817,-0.0811388,-1.02175,0.0473884,0.0412603,0.000181182,-0.129866,-0.726249,0.948423,-0.0661013,0.650665,0.817154,0.865851,0.0390502,3.1515
608,60.6469,-56.9053,-76.8055,0.0520065,0.0373821,0.0437236,-0.00951385,-0.477526,0.954131,-0.126196,1.74841,2.54055e-42,1.74845,0.0601088,3.23515
609,2.77832,1.93126,-0.332472,0.00478761,0.00580709,0.0119317,0.0114002,0.91655,0.206603,-0.0578336,0.228647,0.557632,0.629956,0.0342205,3.28418
610,-1.7049,-26.1929,-65.7355,0.000612281,0.126856,0.0370223,-0.141761,0.1791,-0.145304,0.971586,2.61062e-42,4.81624,2.61062e-42,0.0441808,3.3356
611,1.4311,0.817201,-0.320952,0.00241443,0.0215324,0.00314014,0.911917,-0.0166508,0.409994,0.00597993,0.99095,0.0343491,0.0206349,0.0149811,3.38854
612,-0.974762,1.83421,-1.91517,0.0221753,0.0186687,0.005144,-0.0533642,0.0434316,0.339897,0.89848,0.75402,1.0808,1.12709,0.103318,3.4431
613,0.848918,1.96003,-0.930026,0.00278289,0.00516519,5.8056e-06,-0.14241,-0.213602,-0.225243,0.734058,1.5756,1.47925,0.925102,0.0931352,3.45929
614,67.6621,-46.0236,-55.4993,0.00285576,0.0288992,0.0382966,0.0929552,0.943647,-0.235362,-0.228103,2.61482e-42,0.974589,2.61482e-42,0.177531,3.5145
615,-7.506,0.404,-3.89708,0.0786691,0.000497685,0.000443075,0.531247,0.0832449,0.904985,0.0512106,1.49379,1.40373,1.33435,0.00390454,3.54979
616,0.589538,1.82049,0.0142038,0.00224487,0.00885185,0.0119449,-0.285654,0.178971,0.168674,0.809895,0.0821963,0.0587871,0.202225,0.237671,3.61188
617,50.3507,-28.6207,-50.1368,0.0514106,0.00109298,0.0400317,0.540883,0.0420068,0.996665,-0.068812,0.798671,2.61202e-42,0.79869,0.038061,3.62698
618,-1.71557,0.622052,-1.13363,0.00389925,0.000992341,0.00544761,0.942614,0.23235,-0.229761,0.0685718,0.964641,0.863836,0.767217,0.175822,3.6509
619,-0.912032,-10.0671,-40.9675,0.239592,0.0430024,0.137501,-0.491875,0.908237,0.0433524,-0.346869,1.56163,1.63123,2.56017e-42,0.281091,3.79232
620,0.75056,1.7037,-1.51676,0.00141726,0.0673366,0.0261493,-0.248837,0.00255882,0.985141,-0.0644051,0,0,0.708148,0.0648096,3.94506
621,-0.562072,-1.2263,0.749295,0.0133676,0.000325905,0.0081358,-0.0703213,0.0417016,0.816789,-0.34279,0.539823,0.54845,1.12801,0.215059,4.27708
622,1.82526,-3.35241,0.930548,0.000156227,7.66429e-05,0.00027308,0.0671464,-0.284065,0.105288,0.992323,0,0.0352115,0,0.931879,4.93347
623,-1.60922,-0.267898,-0.0789397,0.00911714,0.0106775,0.0179166,0.0766448,0.237885,-0.150461,0.785743,0.696924,0.556115,0.598154,0.208069,4.97007
624,5.31298,-28.9482,-66.4476,0.000641048,0.0857818,0.000673342,-0.0950245,0.121673,-0.245192,0.971137,2.55036e-42,6.25549,2.55036e-42,0.383054,5.74584
625,0.710483,0.593787,-0.891829,0.00138008,0.0317921,0.0257642,0.817691,0.0889046,-0.530334,-0.205482,0,0,5.62962,0.802723,5.76134
626,0.459887,-1.63301,0.504886,0.000313335,0.0124922,0.025235,0.0375792,-0.00360166,0.564218,0.935776,0.257846,0.255561,0.647238,0.84648,6.00524
627,-68.8186,-7.10679,-4.38509,0.0990506,0.00328163,0.0430021,-0.10781,0.956151,-0.163946,-0.242124,2.56017e-42,1.20418,1.34865,0.580226,6.18172
628,-1.68625,0.45228,0.730053,0.00577121,0.00198098,0.0220277,0.483209,-0.103974,0.970004,-0.13727,0.204803,0.270147,0.183101,0.13345,6.26429
629,-3.49178,0.773396,0.302538,0.0119507,0.000114286,0.00160661,0.975144,-0.191408,0.0929597,-0.0617666,0.76988,0.721444,0.69406,0.135449,6.32085
630,-0.830969,-1.23926,-1.97208,0.026479,0.00487786,0.0180216,0.0166863,0.970599,0.224597,-0.0713354,0.821079,0.780278,0,0.0234314,6.33137
631,-0.339392,-2.70208,-2.37758,0.0116276,0.000317196,0.0128169,0.967654,-0.035672,0.118679,0.219745,7.25794,2.46629e-42,0.864572,0.049326,6.39814
632,-0.179919,1.07846,-0.563779,3.32129e-05,0.00571915,0.00287555,-0.10125,-0.179742,0.911583,0.401067,0.173841,0.878403,1.03926,0.216432,6.57763
633,-1.70566,11.2216,1.17245,0.000991026,0.0224602,0.00704583,0.812332,-0.0168515,-0.582926,0.00544937,0.637553,0.434308,1.0056,0.117333,6.62291
634,78.0516,-35.3027,-45.8625,0.0843527,0.0894844,0.0491936,-0.532857,-0.0742575,0.953657,0.000946821,7.17081,2.54896e-42,7.17086,0.08315,6.64351
635,-0.804326,-0.144226,-1.90009,0.010023,0.00390343,0.0160924,-0.157158,-0.144748,0.849781,0.485015,0.375834,0.250879,1.27433,0.934417,6.89447
636,-0.186635,-0.169451,0.257661,0.00086425,0.00816507,0.00139542,-0.221386,0.477456,-0.371604,0.991194,0.39088,1.02199,1.01962,0.170166,6.95698
637,-56.7156,-6.07912,0.435074,0.00736847,0.00624434,0.0117842,-0.0475819,0.966445,-0.168465,0.177884,2.53635e-42,1.43464,1.47456,0.156734,7.04485
638,0.351781,1.33513,-1.43124,0.00628914,0.000608373,0.0110882,0.0872442,-0.35721,0.175574,0.722472,0.903072,0.86734,0.563802,0.998189,7.10156
639,-0.717986,-0.881657,-0.423358,0.032786,0.00301638,0.000107835,0.208308,0.0112599,-0.295137,0.911822,0,0,0,0.049446,7.11445
640,-1.68285,0.0647722,-0.58764,0.0170781,0.011642,0.00410816,0.941898,-0.0138665,0.26727,-0.202984,0.206662,0.662296,0.812622,0.756261,7.29369
641,-6.37101,0.381052,3.76296,0.0171171,0.00926053,0.00252659,0.127091,0.327604,0.716308,0.129694,0.889776,0.937055,1.03261,0.372191,7.37
642,0.561514,0.217802,-0.0641631,0.00967612,0.00223082,0.0100075,-0.12705,0.0658897,0.759049,0.233823,0.609358,0.853893,0.839774,0.093844,7.46236
643,5.58579,-3.15715,13.0572,0.115251,0.0129084,0.0169807,0.635121,0.29436,0.456848,-0.548875,1.15,1.0986,1.67429,0.177441,7.55742
644,-0.110963,-1.73591,-2.60254,0.0520923,0.00154714,0.00805965,0.984855,-0.147927,0.0850032,0.0308601,0.668517,0.537283,0.437128,0.0831393,7.68106
645,0.67152,-0.605763,1.18746,0.00152818,0.00269867,0.00345627,0.981168,0.0709117,0.168553,-0.0622234,0,0,0,0.999056,7.75438
646,-1.70943,0.476512,-1.27499,6.50617e-05,0.0159623,0.00446702,0.112829,0.113324,-0.254437,0.994736,0.847539,0.753703,0.607541,0.104657,7.80712
647,0.39366,0.704244,-0.121064,0.0114732,0.000260123,0.00556537,0.0483316,0.953584,-0.0944479,0.151943,0.292131,0.268084,0.220072,0.0332545,7.93571
648,18.9142,-30.4405,-66.729,0.234416,0.00353404,0.00214441,-0.07157,-0.367541,0.92685,-0.180641,1.0788,2.56718e-42,1.07918,0.0728439,7.93778
649,0.412174,-1.82419,0.984983,8.39251e-06,0.00368904,0.00082235,-0.00468349,-0.149942,-0.00573696,0.911182,0.596935,1.37896,1.35739,0.643058,7.96384
650,1.47429,-0.0400361,-0.0166708,0.000705753,0.000161337,0.00882961,0.232138,0.846592,-0.197256,-0.383159,0.513111,0.0531195,0.0774023,0.0870473,8.02091
651,-1.77817,0.242871,0.969439,0.0164056,0.00935668,0.0263478,-0.398983,0.0195556,0.925231,-0.00162577,1.17859,1.19648,1.13707,0.799363,8.02493
652,-1.80461,-1.38653,0.909398,0.00109365,0.0181486,0.00248617,0.133544,0.0627938,0.991213,-0.101049,0.455372,0,0,0.820738,8.07012
653,32.0467,-46.0934,-82.7017,0.110358,0.0678504,0.000259794,-0.119776,-0.189252,0.0939401,0.902995,2.59661e-42,0.334973,2.59661e-42,0.141552,8.09577
654,-6.12871,0.455957,3.99726,0.053417,0.0848078,0.00517874,0.0926433,0.151498,0.949677,-0.261072,0.874352,1.21034,1.20751,0.0684168,8.30042
655,-0.187896,-0.798663,0.883395,0.00392627,5.55493e-05,0.00337506,0.903489,0.380792,0.0716808,0.183215,0,0,0.218316,0.190554,8.31639
656,0.670812,-0.0375501,-0.762102,3.24401e-05,0.00136393,0.00315558,0.0936931,0.936169,-0.193981,-0.0983232,1.93629,1.92351,0.830011,0.357284,8.34526
657,1.96846,13.3277,-0.130306,0.0174616,0.00683999,0.175683,-0.734201,-0.31731,0.969609,0.125985,0,2.56297e-42,1.39419,0.142719,8.36243
658,-0.575164,-0.258282,0.365633,0.000575591,0.0402636,0.000546924,0.791705,-0.467005,0.39368,-0.0111876,0.863225,0.760163,0.748291,0.164359,8.39268
659,0.0516215,1.16089,-0.445554,0.00209454,0.0393263,0.000265847,-0.20855,-0.107104,0.985878,0.142032,0,0,0,0.0796954,8.41056
660,-0.451326,-0.621775,-0.790712,9.29971e-06,0.00296445,0.00542743,0.04283,-0.0837856,0.91435,-0.113805,0,0,0.7314,0.455582,8.42225
661,1.35275,1.54083,-0.687158,6.01134e-05,0.000310317,0.00299645,0.208239,-0.105187,0.173546,0.434498,0.602026,1.12815,1.08016,0.194335,8.43621
662,0.742945,-6.61137,1.13611,0.0135663,0.00641606,0.00283794,0.946536,-0.0662351,0.311762,-0.0498749,1.56859,1.14774,1.15283,0.153488,8.44232
663,0.932176,1.07268,-2.3172,0.00186845,0.0560961,0.0334364,-0.492565,0.835776,-0.270697,-0.398935,1.14934,1.1316,2.56157e-42,0.201733,8.45513
664,1.96324,-0.247273,1.402,0.00327777,0.00738431,0.00308825,0.675838,0.219154,0.682621,-0.171006,1.20951,0.621239,0.453391,0.0603193,8.4617
665,24.5593,3.83939,-3.41236,0.028298,0.0296353,0.00428185,-0.0513046,-0.0315761,0.929041,-0.306943,0,0.36741,0.398127,0.311736,8.49289
666,0.381921,0.372208,-0.135342,0.00205362,0.000394254,0.00715244,0.0192505,0.988216,0.0595637,0.111248,0.900441,0.918007,0.918166,0.0842393,8.49416
667,-46.9611,-68.7012,4.65578,0.143642,0.00662118,0.0100055,-0.235981,-0.0154172,0.994855,0.0463768,1.76788,2.54055e-42,1.76822,0.0445007,8.55295
668,-86.9359,25.4476,-50.8264,0.00745845,0.0416457,0.00106832,-0.0339354,0.616665,-0.153351,-0.330155,2.54896e-42,6.27694,2.54896e-42,0.0358547,8.55868
669,7.66215,1.20802,0.641353,0.00347032,0.0352327,9.77939e-05,-0.135397,0.757938,0.38603,0.00908356,1.52751,0.989486,0.832453,0.141206,8.59972
670,6.60855,-0.254513,11.1898,0.0307083,0.0544264,0.00323514,0.748426,0.0205883,0.661635,0.0409122,1.16316,0.91433,0.612346,0.86904,8.60844
671,0.315728,-0.869814,1.09661,0.0012693,0.00455305,7.07755e-05,-0.303892,-0.210342,0.165855,0.904775,0.796788,0.970609,1.08701,0.242639,8.61623
672,-1.56154,-2.62942,-0.304677,0.0686309,0.00176961,0.000722934,-0.0195992,0.786555,0.384794,0.462333,0.176629,0.386239,0.360697,0.342043,8.62953
673,-1.76605,-0.490114,-1.38404,0.00195748,0.0388998,8.72002e-05,0.065946,-0.227587,-0.000613104,0.95739,0.229879,0.349558,0.170944,0.232019,8.63039
674,-6.62067,0.169685,1.34802,0.0113696,0.00264666,7.44192e-05,-0.116963,0.496594,0.864881,-0.149093,0.879823,0.597041,0.382547,0.998387,8.63712
675,4.77776,-12.7384,-6.8313,0.0413074,0.0420737,0.0126779,0.0270474,0.142784,0.982649,-0.139448,1.46735,0.604431,0.298165,0.129774,8.66257
676,-0.698631,-0.530412,-0.434788,0.0138438,0.00044127,0.00102021,0.186755,0.26097,0.747682,-0.43416,0.827507,0.825263,0.835866,0.158141,8.673
677,1.65996,-0.558294,0.914063,7.24029e-05,0.0363053,0.000239639,0.0958085,-0.490841,-0.162597,0.986489,0.468903,0.62945,0.526092,0.16512,8.72573
678,-2.47029,-0.585797,-4.24162,0.00980864,0.0523047,0.00263547,0.862004,0.20571,-0.276627,-0.371632,5.75486,2.55317e-42,5.75772,0.550488,8.75354
679,1.29547,-1.66369,0.187722,0.000127745,0.0273116,0.00408487,0.816584,-0.22275,0.149637,0.51106,0.316344,0,0,0.190654,8.75356
680,-17.7708,42.854,-51.137,0.167005,0.271639,0.00598191,0.061526,0.0632638,0.342625,0.834979,0,1.09248,2.60782e-42,0.732553,8.75538
681,-82.5877,-7.66365,-2.43765,0.00326919,0.00235177,0.0720253,0.873974,-0.0570202,-0.470671,-0.106707,0.988989,0,0,0.556396,8.75578
682,0.212108,1.23432,2.28278,0.00251089,0.0107194,0.00118452,0.964019,0.113812,-0.228916,-0.0728768,0.407945,0.0717278,0.204269,0.192121,8.78118
683,-0.491264,1.64435,1.07228,0.00962098,0.00224549,0.00507073,0.0767807,-0.158928,0.95127,0.00116291,0.101728,0.193666,0.19822,0.311307,8.7846
684,0.718921,0.00146182,-3.84205,0.000271723,0.000257979,0.0340043,-0.15515,-0.215675,-0.183239,0.940532,1.1402,1.13835,1.09191,0.398009,8.80314
685,-0.829397,1.10991,-13.3168,0.00162016,0.00142109,0.315795,0.0964979,-0.0753247,0.049455,0.698193,0.0533347,0.064655,0.0604394,0.99095,8.80744
686,1.20919,-0.741311,-0.397425,0.000235416,0.0313338,4.35422e-05,0.248498,0.0549056,0.780648,-0.173224,0,0.968205,0.905054,0.219958,8.81625
687,1.06432,0.16465,1.6309,0.00076769,0.00217551,0.0178525,-0.288543,-0.415556,0.431054,-0.0168674,0.183452,0.177449,0.116325,0.824389,8.82788
688,-42.6622,-66.275,2.87279,0.000306229,0.00199143,0.0259876,0.061066,-0.172391,0.950273,-0.16102,1.21257,2.56297e-42,0.0797792,0.0541083,8.83387
689,1.4833,0.72013,0.0172064,0.00326664,0.00235478,0.000256337,0.992122,0.0497766,0.088271,-0.0736446,0.884016,0.947331,0.956584,0.223696,8.8403
690,-1.90727,-0.569891,-0.0165147,0.00347551,0.0227486,0.000197551,0.226904,-0.128151,0.978386,0.188515,0.770248,0.95205,0.84107,0.364129,8.84101
691,0.668338,-0.786382,2.79016,0.00291539,0.000370781,0.0314663,-0.303681,0.0460763,0.894026,-0.114365,0.75073,0.651211,0.58561,0.128358,8.86278
692,-1.36223,-15.4596,-4.41637,0.00104206,0.580324,0.0349914,0.335617,0.2262,0.189711,-0.894541,6.26882,0.852352,0.730451,0.545799,8.86399
693,-1.99991,-19.1196,1.25599,0.194604,5.79709e-05,0.0462249,0.21317,0.963774,0.26075,-0.0260529,2.56297e-42,1.27679,0.687306,0.330032,8.86984
694,-2.19747,0.65583,-1.95229,0.0145243,0.000782195,0.00701948,0.091819,0.932977,-0.0145153,0.357323,2.46068e-42,0.750618,2.46068e-42,0.219503,8.92988
695,0.847023,-1.52804,0.0612947,0.000404873,0.0239235,0.000573458,-0.614029,0.992216,-0.0185012,0.122848,0.564608,0.472753,0.578675,0.465058,8.93152
696,-3.94598,15.5709,-12.9041,0.038394,0.113452,0.015758,-0.133365,-0.364819,0.35545,0.973276,1.22767,0.864528,0.678466,0.0936671,8.96182
697,-0.735664,-1.35329,-3.07067,0.0498413,8.9909e-05,0.0215149,-0.0343423,0.951392,-0.0516001,-0.302067,0.584127,0.892337,0.484905,0.417004,8.96629
698,1.92234,0.510377,1.95821,0.00701649,0.00236141,0.00104404,0.0787115,-0.0722881,0.907299,-0.166947,1.22154,0.767943,0.445524,0.13838,8.98201
699,-20.2436,-55.9841,33.6776,0.0966993,0.0260972,0.00360421,-0.0117732,0.982186,-0.0121871,-0.0361161,2.56297e-42,1.45608,2.56297e-42,0.0492132,8.99803
700,0.672597,-1.01222,-1.27315,0.000869325,0.0318878,0.00213216,-0.0570253,0.988289,-0.0256302,-0.148936,1.14619,1.08612,0.730778,0.263921,9.00942
701,-0.447391,-0.351821,-0.59245,0.00145967,0.00162562,0.0315749,-0.0997866,0.370502,0.0370985,0.996255,0,0.0822349,0,0.264729,9.00981
702,1.34234,-1.55686,-0.823692,0.0388778,0.040491,0.00636913,-0.00794579,0.807868,-0.559019,-0.134968,0.0405421,0,0,0.999269,9.01442
703,1.00104,3.38609,-1.30051,0.004024,0.0497943,0.02722,-0.267547,-0.291165,0.959223,-0.22371,1.21403,1.14023,0.284855,0.267468,9.02716
704,1.56693,1.84939,0.888075,0.00172468,0.00418769,0.000545262,-0.100793,-0.118168,0.20682,0.933935,0.784141,1.12078,1.13608,0.114083,9.0289
705,-0.800179,1.4353,1.93939,0.00335923,0.00183424,0.000164742,0.720277,-0.107507,-0.672579,0.131455,0.892224,0.835698,1.57725,0.115186,9.03105
706,0.689003,-0.422514,0.757009,0.00103007,0.0124667,0.000347356,-0.323835,-0.199316,0.700022,-0.020126,0.989967,1.00367,1.24119,0.449281,9.03364
707,-0.27493,0.902711,0.00667077,0.00994932,0.0129393,0.0296394,-0.1017,0.388783,-0.240118,0.994543,0.0436593,0.537138,0.553162,0.550759,9.036
708,0.63445,-0.641553,-0.0319991,0.00673536,5.93038e-05,0.00369301,0.348094,0.981726,-0.161638,0.0940534,0.838503,0,0.0777345,0.385497,9.03895
709,-0.63678,-1.60364,-1.38448,0.00358762,0.00315573,0.00559055,-0.210736,-0.0112616,0.948191,-0.269929,0,0,3.53092,0.1848,9.04151
710,-1.15555,-22.7336,-4.22546,0.0386991,0.0981802,0.0219971,-0.0385038,0.356411,-0.517527,0.746571,0.98292,0.862208,1.01952,0.214285,9.04171
711,-7.20841,0.700629,0.606666,0.006653,0.000757493,0.0704273,-0.218276,-0.148916,-0.805787,0.832712,0.916694,0.858687,0.784036,0.185127,9.04774
712,0.116322,0.895352,-2.49683,0.0170291,0.00130872,0.0101663,-0.0607689,-0.719052,0.0411867,0.952166,0.944874,0.596259,0.502887,0.470194,9.04815
713,-36.3953,-71.0974,14.2457,0.114183,0.156594,0.00309555,-0.178711,-0.40456,0.0511312,0.979319,2.56297e-42,1.48913,1.79328,0.283009,9.05164
714,-0.356908,1.05327,-0.30771,0.00228461,0.00196314,0.00180049,-0.00751277,-0.193812,-0.0951366,0.830813,0.735876,0.680051,0.229759,0.252899,9.05218
715,-0.872467,1.00878,0.291399,0.00185247,0.0004285,0.00433507,0.415559,0.263879,0.365535,-0.0884526,0,0,1.63996,0.644646,9.05959
716,13.9966,-0.640867,5.46453,0.00951449,0.00269356,0.0753281,-0.472263,0.183232,0.996038,-0.040875,0.688563,2.55457e-42,0.688699,0.999841,9.06127
717,-0.786413,-0.349052,-0.518642,0.0130722,0.00104723,0.00644042,-0.253615,0.22366,0.99282,-0.0402499,0.711799,0.627086,0.583301,0.623191,9.07196
718,1.83806,-0.831045,1.00678,0.00250138,0.0133994,3.56718e-05,0.968607,-0.0768201,-0.230174,-0.0540337,0.93957,0.793292,0.699149,0.337514,9.07509
719,-3.61419,-0.22315,-0.743855,0.0026615,0.0158996,0.030802,0.842784,0.0950454,-0.180347,-0.498153,4.57378,2.55877e-42,4.57386,0.985605,9.08528
720,-0.415944,-2.95404,0.0997818,0.00246441,0.000732366,0.0107104,0.155892,-0.167952,-0.0179475,0.912702,0.376262,0.16804,0.154259,0.226742,9.0885
721,-3.07823,0.906718,1.49264,0.0378571,0.00158379,0.00301023,0.884553,-0.256192,0.388283,-0.0341659,1.15186,1.04797,0.795207,0.103983,9.08902
722,-0.293536,1.92762,-0.587056,0.00280301,0.00282934,0.0117948,0.922465,0.086895,-0.187398,0.326174,0.684519,0.923262,0.927601,0.999977,9.09734
723,-0.18503,8.68922,28.6118,0.000797018,0.00326311,0.244773,0.975471,0.192042,-0.0386687,-0.100408,0.515593,0.443829,6.17957,0.754794,9.10218
724,-6.97584,1.33281,1.64026,0.0561907,0.0156734,0.212023,-0.0241588,0.161036,0.982296,0.115768,0.9271,0.963022,0.97611,0.261466,9.1047
725,-1.16665,-0.891953,-0.939374,0.000240471,0.0076863,7.08883e-05,0.273048,0.986829,0.0514975,0.152496,0.855355,0.9122,0.939383,0.189933,9.10823
726,2.60989,-16.4594,0.123854,0.118866,0.0927228,3.02617e-06,-0.303508,-0.0913488,0.819115,-0.393057,2.10433,2.56297e-42,1.20231,0.157356,9.10958
727,-0.225576,1.07939,1.29507,0.00393452,0.000916915,0.00103811,-0.0283296,-0.186148,0.117719,0.989321,0.804276,0.613432,2.55877e-42,0.999684,9.10983
728,4.21128,0.225451,2.03892,0.00224459,0.0122171,0.0398676,-0.0994583,0.159675,0.735487,-0.435487,1.10519,1.26848,0.836587,0.754704,9.11099
729,-1.8015,2.42216,0.236564,0.00333809,0.000281664,0.012425,0.900943,-0.0333467,-0.270312,0.337818,0,0,0,0.356003,9.11848
730,1.15877,1.51261,0.163535,0.00982328,0.0109176,0.0080898,0.988118,-0.0272937,-0.14536,0.0418124,0.412412,0.377668,0.443497,0.182493,9.12637
731,-58.5131,1.66354,-1.31465,0.0233684,0.0782681,0.0134188,-0.172662,0.0417402,0.0144033,0.907276,2.59661e-42,0.357072,0.458383,0.233338,9.17948
732,-5.11689,0.439996,4.15333,0.00966838,0.0714351,0.0133027,-0.326669,0.187192,-0.718034,0.918573,1.03208,1.34711,1.63455,0.999956,9.1877
733,-0.0400748,0.6306,-0.726369,0.0135475,0.0141038,0.000161413,-0.300032,-0.10639,0.770101,-0.418813,0.747386,0.651875,1.09048,0.163507,9.2166
734,-1.52738,-1.67065,0.0233482,0.00082353,0.0606827,0.0186578,0.0261679,0.767922,-0.603343,0.0295355,0.936528,0.889796,0.811788,0.103855,9.2418
735,0.100453,0.300757,-0.832295,0.018751,0.0188576,0.019236,-0.0321233,0.0468557,0.9813,-0.00917432,0.539539,0.333556,0.0982304,0.522693,9.24267
736,-0.372007,-0.434433,0.558978,0.014989,0.00157795,3.02733e-05,-0.115464,0.0076239,0.933653,-0.0315984,0.944229,0.646908,0.587269,0.999989,9.24556
737,-0.341238,1.37755,-0.671319,6.56585e-05,0.00429584,0.00653295,-0.0923893,-0.222971,0.999881,-0.00673544,0,0.443567,0.630059,0.999675,9.2494
738,-1.83835,0.717264,-1.99377,0.0617273,0.0233539,0.0509281,-0.0677128,-0.457118,0.200699,0.859239,1.04585,0.946066,0.748796,0.0397406,9.2654
739,0.779532,-1.01269,1.02772,0.0277298,0.0148118,0.00787199,-0.141666,0.983024,-0.180694,0.0309802,1.58342,1.52162,0.965251,0.0634462,9.28151
740,-1.90327,0.330603,-0.217066,0.0387652,0.0063986,0.000221248,0.866168,0.0544591,0.482908,-0.116562,0.0716952,0.0694034,0.1264,0.522141,9.30153
741,1.22673,-0.601452,1.51132,0.023743,0.0013865,2.10905e-05,-0.238515,0.94555,0.0995945,0.0148615,0.808434,0.808812,0.681888,0.638003,9.30221
742,-2.4599,0.820718,0.137976,0.014167,0.00855615,0.000267288,0.206868,0.96223,0.105632,-0.216658,0.325649,0.437754,0.574479,0.988274,9.32181
743,0.225707,-2.90687,-1.57882,0.00183737,0.00741773,0.000610308,-0.0383237,-0.157388,0.0244762,0.981985,2.56157e-42,6.38949,1.62246,0.271989,9.35741
744,-3.66589,3.5544,-12.4614,0.0265513,0.000466475,0.00184135,-0.214625,0.990235,-0.108632,0.082366,0.831738,0.658076,1.42674,0.0624304,9.42295
745,3.20822,58.7629,-34.6413,0.00026018,0.133786,0.0301729,-0.0881579,0.319614,-0.18279,0.957536,0.6382,1.72567,2.61763e-42,0.776303,9.44123
746,0.870337,1.63859,0.921539,0.0115965,0.00303181,0.0045412,0.0741578,-0.0466216,0.941057,0.1952,0.584304,1.34255,1.38875,0.999548,9.44643
747,-0.635123,1.30431,0.0439395,0.000441139,0.00101438,0.00947202,-0.241747,0.383911,0.991853,-0.121514,0.380934,0.221524,0.135356,0.177374,9.448
748,-0.985997,0.462652,-0.0910145,0.00318355,0.0704975,0.0318554,0.0311791,0.262595,0.951343,0.278359,0.649204,0.177909,0.271425,0.999373,9.45483
749,0.350656,1.13725,0.694496,0.00375687,0.00889316,0.000217705,-0.250089,0.987929,-0.00445174,0.049394,0.592807,0.624999,0,0.366234,9.45984
750,0.836905,3.62281,-12.0168,0.129654,0.0156696,0.085867,0.367105,-0.132823,0.91321,-0.096358,1.84213,1.83869,0.493534,0.260614,9.48181
751,-0.61259,-0.550857,-0.392647,0.00421396,0.0173691,0.000180185,0.963357,0.158383,-0.207615,0.0612742,1.13289,0.922599,0.716351,0.965672,9.53109
752,1.54143,-0.3009,1.63704,0.000108985,0.0612068,0.00513852,-0.041154,0.99122,-0.0865041,-0.0111257,0.051692,0.0559016,0.0826241,0.523695,9.53184
753,11.1181,1.87378,1.03238,0.00413531,0.00320452,0.00875635,-0.0383295,0.916672,0.318397,-0.100243,0.173252,0,0,0.690778,9.53411
754,1.22555,0.676944,0.37123,0.0343402,0.0011149,0.00219714,-0.268616,0.882495,-0.00379276,0.179409,0.73581,0.724769,0.704676,0.681324,9.53799
755,0.364136,-1.61935,1.76176,0.00191631,0.00017845,0.0224331,0.66761,0.652758,-0.354969,0.046914,0,0,0.531443,0.344954,9.54145
756,4.25858,-4.74503,0.990597,0.00186154,0.137248,0.00487243,0.210825,-0.393185,-0.0554623,0.931404,1.21396,1.35905,1.3225,0.324857,9.54182
757,0.207487,-1.72421,0.360759,0.0701978,0.0010866,0.00157213,0.0726874,-0.310109,-0.346074,0.882665,0.151885,0.157869,0.679227,0.897276,9.54623
758,11.0977,0.565097,5.87944,0.0067354,0.0584838,0.00178013,-0.431978,0.982377,0.0140352,0.0784846,0,0.021496,0,0.423732,9.54739
759,2.02811,-1.27902,-0.0988893,0.00260109,0.0221923,0.000896559,-0.252072,-0.0837709,0.994022,-0.0833715,0.318489,0,0,0.462811,9.54806
760,-66.6115,14.47,-24.5939,0.0137322,0.0275832,0.077498,0.125342,0.916357,-0.0903012,-0.364236,2.56297e-42,1.43066,2.56297e-42,0.079816,9.55163
761,0.6785,-0.629617,0.938553,0.0026609,0.0031309,0.000349685,-0.101548,-0.0989536,0.947339,0.0851201,1.2552,1.2286,1.13641,0.510814,9.55184
762,3.37538,0.695438,1.28109,0.00645966,0.00105263,0.0225846,0.960779,-0.271511,0.0368656,-0.0427368,0.657032,0.53888,0.466314,0.364671,9.56824
763,8.20337,3.54113,-0.141175,0.00300722,0.105728,0.00178133,0.873818,0.280981,0.046022,-0.394174,0.485809,0.558361,0.516171,0.237719,9.57069
764,-2.20324,-0.733086,-0.201415,0.00138044,0.00802587,0.00461309,0.101482,0.200919,-0.0753882,0.892293,0.165025,0.160699,0.150327,0.133218,9.57138
765,0.517058,1.04519,1.452,0.00862388,0.00566586,0.00166513,0.984391,-0.136249,0.092287,-0.0624031,0,0.0112964,0.40276,0.0248242,9.57566
766,0.79027,-0.676719,1.5741,0.00125573,0.0298226,0.00298451,0.880007,-0.102639,-0.460389,0.0556209,1.04303,1.0361,6.16822,0.676053,9.58927
767,-0.92437,-1.16691,-0.828063,0.0004412,0.00477085,0.00570747,0.0948602,-0.00231522,0.996438,0.0842667,0.626733,0.950598,0.873058,0.474222,9.5982
768,32.308,-34.2539,-66.8444,0.0684944,0.00581962,0.109207,-0.0241906,0.748954,0.112096,0.642656,2.61342e-42,3.1647,2.61342e-42,0.997678,9.59866
769,9.76733,36.5654,-30.2904,0.0541168,0.0877418,0.00450529,-0.150695,0.0124804,0.980315,-0.0746927,0,2.56297e-42,1.45517,0.0465866,9.61183
770,2.48625,1.91696,-0.121103,0.0184758,0.000966171,0.00371919,0.0970164,0.921076,-0.24171,-0.304288,0.055327,0.273619,0.886577,0.234721,9.61816
771,0.76988,-0.757003,-1.2891,0.00357486,0.00568886,0.0276351,0.0238138,0.960662,0.246255,-0.127461,0.988414,1.34625,1.08361,0.382532,9.62356
772,-3.93628,0.926854,3.41683,0.00270164,0.0081933,0.0489762,0.791488,0.161022,-0.0505605,-0.58742,0,0,0,0.996318,9.62658
773,-12.1795,-15.6147,-59.3517,0.00943969,0.185577,0.0623734,0.953839,0.023983,-0.227662,-0.194385,8.82579,2.57839e-42,8.8258,0.295108,9.63412
774,1.22378,1.8269,-0.0468352,0.00266203,0.0148062,0.0224986,0.095202,-0.321442,0.792103,0.375044,0.63336,0,0.00869223,0.252383,9.6343
775,1.07986,4.25777,18.4431,0.0650667,0.00414828,0.0946988,-0.0869908,0.93158,0.167445,0.12186,1.1811,1.34558,2.61342e-42,0.128619,9.63582
776,-5.38693,-27.0372,11.3117,0.0142394,0.469096,0.0598542,-0.283,0.36918,0.955393,-0.145354,0.413502,0.38404,2.99856,0.58555,9.63659
777,-2.34966,-0.575655,-1.39903,0.00302899,0.00330581,0.00461747,-0.131477,0.603173,0.861315,-0.0141752,0.711298,0.935071,0.838374,0.99729,9.63909
778,-2.48542,-0.318781,-1.44075,0.00184327,0.00483857,0.00297941,0.0223981,-0.0614479,0.99718,0.00744865,0.89423,0.957507,0.923781,0.878624,9.63935
779,0.587438,4.16732,1.77701,0.020351,0.00683321,0.0031534,0.0214668,0.973086,-0.125223,0.167335,0.330932,0.554611,0,0.334895,9.643
780,0.311397,1.27796,-0.28506,0.00632035,0.00116228,0.0163397,0.96599,-0.0625291,-0.250864,-0.00461263,0,0.792765,0.934168,0.819283,9.64672
781,0.698747,0.665724,1.25304,0.00345725,4.6162e-05,4.82527e-05,-0.363487,0.184767,0.961613,-0.203143,0.290091,0.304462,1.09278,0.00390465,9.64762
782,62.8293,-38.4043,-54.5263,0.0136549,0.00104943,0.00214651,0.959065,-0.132045,-0.250219,-0.0121776,0.920499,2.56718e-42,0.920686,0.999935,9.65204
783,-24.7931,-63.1022,-22.6476,0.167447,0.0713443,0.0371924,-0.0812116,-0.164673,0.787642,0.64229,2.55036e-42,6.26114,2.55036e-42,0.989707,9.68307
784,1.39139,0.0805315,1.48852,0.0857658,0.0204533,0.00125212,0.0685686,-0.281588,0.83028,-0.129063,0.375634,0.454286,0.486515,0.359844,9.6869
785,-10.7146,-3.38776,18.2226,0.0513006,0.00581176,0.0037957,-0.139478,-0.0273291,0.942281,-0.280461,0.59668,0.651194,0.276864,0.114361,9.69737
786,-0.716344,-0.718785,0.366292,0.000243459,0.0117066,0.00183033,0.943536,0.119345,-0.214415,-0.222536,0.668041,0.670411,0.797662,0.25489,9.7081
787,-6.75521,0.387464,-3.9411,0.249786,0.000557109,0.0288259,-0.0741639,0.853594,-0.0830248,-0.513975,1.55509,1.61663,1.50959,0.759791,9.70986
788,-4.31277,-31.3123,-73.0987,0.15358,0.0211313,0.0279186,0.993394,-0.0108404,-0.113752,-0.0105559,6.93059,2.55036e-42,6.93344,0.416827,9.71108
789,1.36269,-0.405786,-0.739797,0.0882514,0.0257112,0.00541977,0.0829997,-0.19168,-0.0804384,0.96774,0.514397,0.828437,0.914096,0.536576,9.71498
790,1.99438,-0.192907,1.394,0.000775482,0.0114196,0.0110947,0.161363,0.0194591,0.867329,0.331205,0.0549199,0.305626,0.391875,0.0227716,9.74088
791,-2.61742,1.72516,0.0254858,0.000646502,0.00864351,0.00370171,0.400156,0.101964,-0.124219,0.955766,2.55877e-42,0.806576,2.55877e-42,0.223044,9.74575
792,-1.87219,-0.0568177,-0.0804969,0.0147358,4.14304e-05,0.0034725,-0.29782,0.0823869,-0.539973,0.904032,0.116144,0,0,0.12642,9.74735
793,-0.443781,-1.05567,-0.304129,0.000397792,0.0573699,0.00282449,-0.0216243,0.988558,-0.0759726,-0.126689,0.733369,0.403116,0,0.999759,9.74829
794,0.0852844,0.0250655,0.375726,0.000528904,0.00106911,0.00935171,-0.116084,-0.279975,-0.0258412,0.911733,0.855364,0.601786,0.700345,0.939893,9.75744
795,1.57261,0.685209,0.120247,0.0145404,0.00126555,0.0008102,-0.225815,0.0360073,0.878855,0.114153,0.430296,0.438289,0.412603,0.645961,9.75817
796,0.700181,-0.963547,1.67322,5.59337e-05,0.0145989,0.0314517,-0.0793757,0.979159,-0.114701,0.0459601,0.99278,0.985847,1.08196,0.260316,9.77107
797,-33.1634,-48.3536,-11.1317,0.00118607,0.0119699,0.0374339,0.336193,-0.086275,0.749195,0.571873,8.86437,2.57699e-42,0.75963,0.124867,9.77551
798,-0.548008,7.08296,-10.0838,0.0133364,0.057736,0.0233359,0.157256,0.954185,0.0448479,-0.291182,0,0,0.600639,0.266967,9.77989
799,59.5324,-49.5367,-76.1346,0.000798364,0.00136809,0.108044,0.367307,-0.0308372,0.875405,-0.188904,6.18172,2.55737e-42,6.18175,0.182146,9.78428
800,12.3286,-0.0806079,6.48582,0.00112491,0.0317423,0.000447581,0.892784,-0.0464903,0.440016,-0.0846189,1.40572,1.56158,1.53243,0.252987,9.78725
801,0.666825,0.267846,2.22462,5.40379e-05,0.00471637,0.00267475,-0.27896,0.0677723,0.923386,-0.111682,0.6264,0.599096,0.705589,0.197082,9.80072
802,1.07866,0.130983,-0.334195,0.00765531,4.31247e-05,0.025358,0.98669,0.0771539,-0.141937,0.0185744,0,0.804652,0.832357,0.997858,9.80084
803,-1.42426,-0.884119,-1.18951,0.0544586,0.00550107,8.05873e-05,-0.0268834,0.965491,-0.0537367,-0.232766,0.0134092,0.103782,0.419387,0.994087,9.81229
804,-0.405191,0.0778702,-0.604116,0.0179658,0.000891785,0.0227284,0.412928,0.953397,-0.0747693,0.0336366,0.645555,0.802861,0.767097,0.76394,9.81458
805,0.285153,0.628311,-0.0579183,0.0221012,0.000704958,0.00926415,0.377889,-0.242396,0.795123,-0.313766,0.779485,0.65804,0.465126,0.55896,9.82491
806,0.686992,0.827172,-2.93392,0.00661448,0.0154409,0.0675887,-0.302399,-0.122044,-0.452096,0.813736,0.180226,0.12943,0.429278,0.24327,9.83941
807,-64.5931,-12.7672,-1.08539,0.008826,0.189656,0.0125553,0.585467,-0.572534,0.0893004,-0.566974,1.22543,0.645775,0.648499,0.431337,9.85166
808,1.54262,-0.859282,1.652,0.0214176,0.0132868,0.0137238,0.976111,0.0375694,-0.140526,-0.161396,0.470705,0.404512,0.397184,0.337817,9.86106
809,5.08547,1.05187,5.27658,0.0391616,0.0114446,0.0195613,0.129604,-0.16157,0.925785,-0.165099,1.45675,1.47395,1.4302,0.225138,9.87154
810,2.46481,-0.0732685,2.30903,0.000881669,0.00809246,0.00382019,0.00589031,0.904016,0.0714052,-0.326021,1.06662,1.05475,0.975203,0.530699,9.89691
811,4.28354,1.67592,-0.280814,0.350176,0.00225871,0.00932634,0.203651,0.897307,-0.0222475,0.435717,0.763317,1.08264,0.600145,0.289467,9.90531
812,-0.281304,0.462229,0.705643,0.00205683,0.00484571,0.00860527,-0.386438,0.912072,0.198574,0.0541749,0.490787,0.506919,0.583623,0.177699,9.92346
813,-0.324994,-2.25859,0.0235357,0.000114643,0.108266,0.00778145,0.476801,-0.504156,0.719038,-0.0383683,0.84001,0.310314,0.310134,0.0741934,9.93866
814,-0.632442,0.822023,0.729696,0.00457205,0.000665577,0.00350307,0.857178,-0.393896,-0.322488,-0.0780576,0.64929,0.780041,1.00217,0.163871,9.95479
815,-0.843914,0.325402,-0.789716,5.86989e-05,0.0247243,0.00315309,-0.359192,0.122668,-0.261697,0.768617,0.318414,0.104328,0.110326,0.474502,9.99279
816,0.29993,0.731177,-0.568894,0.0108455,0.00385665,0.000231949,0.530924,-0.558123,0.496226,-0.400473,1.38884,1.32476,1.08383,0.910826,9.99987
817,1.67567,0.534655,1.84422,0.000383521,0.025925,0.00644826,0.984916,-0.106119,-0.0342745,0.132303,0.806178,0.888437,0.861419,0.130834,10.0441
818,-3.97701,13.1562,0.125702,0.0833452,0.00448653,0.0267077,0.90134,0.387769,-0.179313,-0.0711861,1.26619,0.981355,0.966989,0.593831,10.1082
819,0.631084,0.491802,0.246702,0.00139275,0.00467196,0.0293322,0.642884,0.127647,0.588703,-0.463429,0.941237,0.938604,0.827017,0.882342,10.1253
820,-1.18443,-2.78867,1.81101,0.0106309,0.00403465,0.0711221,-0.193135,0.0207882,0.921996,-0.0245875,5.67992,2.56438e-42,5.68,0.869332,10.1925
821,-41.6404,-63.0209,-2.99682,0.0342371,0.376187,0.136899,0.602872,0.0254416,0.978311,0.169234,1.25331,2.56718e-42,0.718961,0.110368,10.2065
822,-33.9306,-0.925712,-22.9884,0.0580909,0.101175,0.00491802,0.736884,-0.510341,-0.439078,0.061354,0.941381,2.61482e-42,0.941392,0.575737,10.2157
823,0.827519,-0.614552,1.2858,0.00323945,0.00843518,0.00133859,-0.114804,0.0211984,-0.00966431,0.872435,0.619005,0.700497,0.689112,0.994561,10.2699
824,88.2606,-36.0078,-34.6532,0.00437746,0.00689752,0.0432804,0.897593,-0.172733,0.0187308,0.405142,0.976757,2.61482e-42,0.976806,0.291516,10.3061
825,-0.90135,-1.05617,-1.9872,0.00188718,0.00421049,0.0300637,0.977178,-0.0737084,0.0962578,0.174429,1.0927,0.933044,0,0.12823,10.3219
826,-0.290331,0.935584,1.56257,0.00367306,1.97877e-05,0.0183792,-0.26206,0.0189393,0.869805,-0.0460123,0.341475,0.446796,0.610181,0.714589,10.3232
827,0.111358,1.2911,3.9336,0.0515053,0.024523,0.0411679,0.990915,-0.0847844,0.0926802,-0.0480635,0.0743124,0,1.22324,0.610298,10.3534
828,46.5827,-59.45,-89.1667,0.00211132,0.114227,0.00501212,0.366164,-0.300858,0.853469,-0.112516,6.63436,2.61763e-42,6.63696,0.95356,10.3741
829,0.214385,0.488954,-0.511719,0.00116149,0.0552604,0.00154321,-0.114469,0.446406,0.266902,0.977651,0.326032,0.262196,0,0.702394,10.3754
830,-2.14129,7.60213,-3.94146,0.00885577,0.17228,0.0152791,0.0249608,0.985874,-0.0152106,-0.162443,0,0,0,0.064521,10.6583
831,3.55856,-14.1078,-0.231762,0.0138153,0.0352397,0.00657103,0.00255464,0.953403,0.23479,-0.02133,0.674009,1.51279,1.33245,0.919997,10.9473
832,22.2989,-26.6083,-61.8644,0.000138816,0.000228125,0.00604056,-0.0481159,-0.533401,0.0117526,0.86777,2.61482e-42,0.97037,2.61482e-42,0.980583,11.1467
833,10.1601,0.485835,12.2429,0.0979489,0.00422726,0.00657836,0.0638273,-0.0446007,0.771125,0.0437621,0.74142,0.752063,0.650073,0.177621,11.4756
834,-21.2691,35.3672,-55.8098,1.8499e-05,0.0335711,0.0151632,0.287423,0.100358,0.996163,-0.000986621,6.27543,2.54896e-42,6.27552,0.105236,11.6087
835,3.83772,-8.13221,0.758816,0.00330927,0.0171753,0.00452203,-0.108363,0.20316,0.765776,-0.150132,0.409582,1.55745,1.39007,0.204067,11.6688
836,1.47441,1.12658,-0.921483,0.00281117,0.00302934,0.0462673,0.972076,-0.0958959,-0.171014,-0.128942,0,2.61763e-42,1.0765,0.293435,12.2073
837,-1.61158,-0.195775,-1.2922,0.0152989,0.00193761,0.000119025,0.072624,-0.1095,-0.00591161,0.924645,0,0,0,1,13.1112
838,-4.47519,-7.73539,-0.0906665,0.014393,0.101166,0.153245,-0.189887,0.073701,-0.0744891,0.9931,1.2005,2.0297,0.137363,1,13.3143
839,0.775758,-0.0859895,-2.81622,0.00949077,0.062572,0.00306902,-0.522899,0.261539,-0.115868,0.88977,0.278589,0.303216,0.586191,0.999997,13.747
840,-0.280302,-0.993677,0.011994,0.00099454,0.00010533,0.00212008,0.0281075,-0.213372,0.23047,0.85036,0.619984,0.157794,0.212352,0.45823,13.8086
841,-0.0151479,-2.64577,-4.46869,0.0021215,0.00409749,0.0466847,-0.214867,0.022029,0.955245,-0.240165,12.9244,2.57278e-42,1.00125,0.560413,13.8675
842,0.174901,1.1074,-0.694572,0.000183508,8.16783e-05,0.00172385,0.80782,0.0393911,0.573042,-0.13228,0.20245,1.02752,1.05437,0.449877,14.1305
843,1.91606,0.0286063,1.99179,0.000389739,0.0151601,0.00680535,-0.301686,-0.437633,0.462202,0.976909,0.343895,0.0734026,0,0.999552,14.2221
844,-0.870008,1.00625,1.53697,0.00109478,0.000580704,0.00482476,-0.0647597,0.875164,-0.205588,-0.43795,0.81085,0.629683,0.347286,0.160256,14.3057
845,-2.37076,2.31551,0.247283,0.0205273,0.0041417,0.00165478,-0.0186322,-0.226105,0.311642,0.71817,0,0,0,0.815503,14.4136
846,2.84084,-0.171923,1.48248,0.00740501,0.00437861,0.00170783,0.177846,0.283103,0.291899,0.750803,0,0.0652091,0.103013,0.363229,14.4485
847,-0.189317,-0.25441,0.190957,0.00092106,0.00691793,0.0087785,-0.0648043,0.966074,-0.127356,-0.210657,0.895806,0.524314,0.833219,0.516728,14.4537
848,-0.522165,1.11802,2.28063,0.00666458,0.0116288,0.00302232,-0.0794654,0.887902,0.0778594,0.433064,0.721733,0.787191,1.05549,0.778342,14.497
849,56.434,-31.8833,-49.4055,0.000767831,0.0527493,0.0419515,-0.00588905,0.985925,-0.081496,-0.143669,2.54756e-42,5.73997,2.54756e-42,0.0776155,14.5168
850,-0.785949,0.306199,-0.827198,0.0160992,0.00316784,8.51001e-05,-0.11202,0.0613638,0.910357,0.0445857,0.353299,0.373112,0.393525,0.0614998,14.5467
851,1.45366,-13.0118,-3.6456,0.0030436,0.000208416,0.0289156,0.874577,-0.0711983,-0.479168,0.0210441,0.689719,0.783677,0.775234,0.204599,14.6019
852,0.83545,1.33521,-0.856304,0.00105096,0.00652038,0.00936911,-0.0577204,0.0803422,-0.0193388,0.930135,1.13591,1.04434,1.0221,0.448395,14.6398
853,1.13029,3.68758,0.0030265,0.00536167,0.0874044,0.00512872,-0.168094,0.0647002,0.989545,-0.098707,0.0737448,0.465643,0.4782,0.947706,14.6888
854,0.708572,-0.409142,1.44927,0.000309875,0.0294974,0.000631312,-0.100128,0.96342,-0.16406,-0.0443754,1.24697,1.13367,0.568395,0.345515,14.7062
855,-0.295583,-0.49164,0.627851,0.00498042,0.00238353,0.000626549,0.0322614,-0.0629236,-0.736231,0.986068,1.04467,0.883755,0.916972,0.211013,14.7235
856,17.3779,1.83704,-3.78469,0.0786043,0.00743731,0.0206501,-0.741296,-0.202921,-0.287916,0.884078,0.423482,1.00921,2.61482e-42,0.515076,14.7298
857,-0.567962,-0.421548,-0.373245,0.00619335,0.0176045,0.004192,0.482871,0.908532,-0.0972477,0.238952,0.534086,0.725208,0.605673,0.388389,14.7301
858,0.372335,3.9646,7.47597,0.121828,0.159055,0.0144962,-0.0223819,-0.257551,0.0527977,0.573706,1.46558,1.48692,0.861926,0.33764,14.7434
859,-3.81374,0.942567,0.0866374,0.020148,0.000291978,0.0216497,0.757832,0.348351,0.368852,0.410232,1.02456,1.10721,1.0584,0.240104,14.7617
860,-0.981532,-1.16548,-0.90284,0.000109359,0.0016013,0.000636692,-0.851326,-0.4286,0.78571,-0.451577,0.296523,1.32669,1.33557,0.467768,14.8077
861,1.49731,1.58961,-0.491264,0.000147054,0.00479316,0.00962098,0.968973,0.173028,0.0767807,-0.158928,0.997303,0,0.101728,0.144751,14.8208
862,-0.644491,1.26069,-0.626153,0.000370578,0.00550344,0.0151984,0.000159678,-0.272724,0.0584158,0.904827,0.603059,0.531519,0.564187,0.0567562,14.8934
863,-0.0266609,-1.34241,-1.31964,0.0207046,0.00052149,0.00399869,-0.00245111,-0.00199218,0.925384,-0.0581268,0.986543,0.876705,0.454518,0.494961,14.9513
864,2.98738,-1.70628,-0.87585,0.0123323,0.0129425,9.73108e-05,0.714038,0.0730633,0.690961,0.0859369,0.777019,0,0,0.319456,14.9727
865,0.0419437,1.2164,-2.40396,0.00483144,0.00235915,0.00104722,-0.182994,0.0168798,0.935253,-0.0942436,0.952126,0.693875,0.161816,0.250933,14.985
866,1.01705,-12.7489,-7.03685,0.00809489,0.000310169,0.00361165,-0.0445753,0.129105,-0.0967882,0.90369,0,0.657211,0.102762,0.53746,15.0804
867,-0.184724,-0.794849,2.34801,0.0036105,7.35036e-06,0.00262206,0.878115,0.475234,0.0221199,-0.0507723,0,0,0,0.209393,15.1176
868,-1.35491,-0.0950822,0.228218,0.00326799,0.0180302,0.000702121,-0.011878,0.95854,0.268343,0.0129565,0,0,0,0.429391,15.1964
869,-39.8995,-62.6174,9.83924,0.0419087,0.00324837,0.0525051,0.990605,-0.0219172,-0.111665,-0.0758465,5.5301,2.61763e-42,0.321244,0.298032,15.2051
870,0.603288,4.91105,1.41401,0.0641914,0.00176258,0.000804075,0.860403,-0.386894,0.317472,0.0960781,1.44099,1.59363,1.5707,0.197474,15.2691
871,-0.751622,1.96451,0.376689,0.000901483,0.00627531,0.00669584,-0.108469,0.944803,0.144096,-0.00120321,0.770433,0.715731,0.422443,0.116158,15.2751
872,-2.82203,-0.392808,-0.583245,0.000666033,0.0162614,0.00286515,0.968915,-0.0236884,-0.0958693,0.22683,0.153364,0.262105,0.317339,0.958659,15.2898
873,-1.13701,-1.78084,-0.0179277,0.000331302,0.0138558,0.000779561,0.733755,0.396129,-0.466306,0.295371,0,0,0,0.600945,15.2948
874,-0.162005,-6.16713,0.010769,0.00629331,0.00643206,0.0555857,-0.0592904,0.907587,0.00395328,-0.41232,0.616442,0.80404,0.878152,0.700598,15.3175
875,-69.8021,-29.6267,-0.229657,0.0257138,0.00892691,0.00035472,-0.112188,0.253647,0.815296,-0.297791,6.2516,2.92306,2.76748,0.127431,15.3175
876,-1.24824,-0.0614788,-1.08964,0.00975039,0.00217019,6.61803e-05,0.257268,-0.0953883,0.942311,0.124532,0,0,0,0.993714,15.381
877,0.938317,1.27429,-3.22406,0.00246744,0.0062147,0.00916279,-0.053565,-0.011603,-0.118576,0.999253,0.741312,0.663886,0.192339,0.118447,15.3838
878,-3.41737,1.86197,0.507332,0.00448783,0.00100263,0.000612197,0.443719,-0.489595,0.823569,0.431194,4.51697,0.566699,0.569585,0.346387,15.4332
879,-3.38487,-1.54879,-0.0481208,0.00342099,0.00971864,0.00262752,-0.0280573,0.731348,0.458189,-0.227461,2.54896e-42,0,0,0.275506,15.5464
880,-0.474904,1.96269,-1.31279,0.000386892,0.00893718,0.00316747,0.995606,0.0215448,0.0320687,0.085303,1.05301,1.00862,0.0303023,0.293032,15.602
881,-1.02273,2.10264,0.678812,0.136928,0.104953,0.0389609,-0.20926,0.909259,-0.0431032,0.300322,0.106132,7.17573,2.51253e-42,0.437381,15.6134
882,0.0405448,0.391414,64.8895,0.0400428,0.078985,0.181629,0.322918,-0.146521,0.822288,-0.0694798,1.31252,1.24913,6.25901,0.57976,15.6376
883,55.5303,-44.5431,-68.0066,0.00977894,0.262806,0.181452,-0.431817,0.311475,-0.538113,0.917116,2.56017e-42,16.5366,2.56017e-42,0.190345,15.8
884,-0.0563675,-0.0259697,-0.34639,0.0359066,0.0233603,0.000242029,0.122603,-0.0705951,0.963039,0.176242,0.260596,0.513968,0.692073,0.522542,15.8482
885,-1.18534,-4.07757,0.82631,0.00014716,0.0247782,0.00123679,0.94647,-0.131687,-0.293004,-0.0316633,0.642054,0.411539,0.512861,0.14611,15.8764
886,-1.97587,-20.6563,-1.47826,0.215192,0.000367273,4.81678e-05,-0.108863,0.838305,0.231508,-0.13863,2.56157e-42,0.738113,0.570227,0.224792,15.8932
887,42.0242,-30.4346,-58.2116,0.120651,0.0492517,0.0251157,-0.124451,0.986521,0.0201739,-0.161983,2.60782e-42,0.964583,2.60782e-42,0.0752704,15.8977
888,-1.0444,0.717815,-0.312708,0.00626075,0.0615388,7.96067e-05,-0.0865542,-0.0513097,0.694905,-0.106931,0.917031,0.328996,0.872034,0.464963,15.9284
889,1.90795,0.573294,2.01602,0.00405732,0.0014215,0.000395201,0.0361227,0.990838,-0.0143804,-0.0932594,0.931822,0.896736,0.814491,0.254225,15.9539
890,-0.773466,-0.311094,-0.501886,0.0294471,0.000730306,0.00988384,-0.660486,0.937304,-0.199443,-0.223729,0.82519,0.656045,0.555691,0.528477,15.9658
891,0.654651,-0.831039,0.223595,0.000220152,0.00403455,0.00625343,0.121911,0.15798,-0.0794705,0.806048,0.656132,0.4537,0.549079,0.290566,15.988
892,-0.477586,0.770578,1.21346,0.0252223,0.000206551,0.00158474,-0.14159,0.885894,0.0222743,0.453798,0.975423,0.786764,0.383613,0.157575,16.0142
893,1.41995,0.54795,0.597478,0.000398929,0.00807996,0.00260309,0.0213827,0.0507393,0.0868789,0.957224,0.838257,0.752922,0.590485,0.166401,16.0425
894,-26.8325,-0.445981,-10.077,0.0434185,0.0138738,0.151783,0.224104,0.948204,0.114445,-0.236616,1.42766,1.06595,1.08204,0.25075,16.0879
895,0.618271,-1.68247,-0.135081,0.000160654,0.0132919,0.00132777,-0.241169,0.942127,-0.114913,-0.311335,0.507079,0.7671,0.476598,0.127428,16.1628
896,-0.0066606,-0.99264,-2.21474,0.0459337,0.00780075,0.00219516,-0.0924502,-0.30159,-0.029613,0.912073,0.703756,0.667658,1.24124,0.178453,16.2657
897,-1.26735,2.74863,-0.446476,0.0094389,0.0196457,0.00920718,0.0443627,-0.351308,0.744658,-0.393658,0.0814784,0.105329,0,0.00390315,16.2837
898,9.80168,-2.17138,-0.955414,0.0120159,0.0513622,0.00456848,-0.401799,-0.211114,0.0278651,0.845773,0,4.51092,2.56017e-42,0.26427,16.3117
899,-2.77081,-2.81664,0.660824,0.00794436,0.033301,0.000791909,-0.0625128,0.951635,0.171147,-0.00415156,2.54896e-42,1.38774,1.26821,0.536265,16.3392
900,-1.64486,-1.82324,0.378545,0.000148757,0.00920192,0.000199677,-0.292011,0.930243,0.287114,-0.20132,1.10969,0.939399,0.863004,0.116674,16.3593
901,0.833248,-0.352785,-1.66757,0.00540219,0.00592923,0.00776664,-0.0550768,0.927086,0.0205609,-0.106155,1.13875,1.08331,0.814804,0.296138,16.388
902,0.106055,-0.765238,-0.193331,0.00861142,0.0058757,0.0026158,0.27549,0.961837,-0.0258622,-0.272126,1.05407,0,0,0.0604386,16.3907
903,7.49797,-3.1596,13.7844,0.0408176,0.00109605,0.0284055,-0.331934,0.252403,0.970261,-0.0119221,1.14383,1.2277,1.74522,0.0476863,16.4052
904,-0.201706,0.633139,2.23055,0.000161514,0.00887561,0.00239684,-0.187663,0.94568,0.310779,-0.0739268,0.755673,0.734942,0.996336,0.0474327,16.4093
905,-3.45347,0.15495,-1.17113,0.00688697,0.00224992,0.000522987,-0.313924,0.286611,0.963471,-0.0682356,0.804672,0.687957,0.760946,0.0343067,16.5765
906,-1.90978,0.417746,-1.40977,0.00166013,0.0179188,5.3181e-05,0.00657293,0.989396,-0.135654,0.0346488,0.75535,0.766888,0.75028,0.480881,16.606
907,3.28667,-0.478134,1.9516,0.00341487,0.0171708,0.00254477,0.957756,-0.0762961,0.141933,0.238196,0,0,0.0770825,0.697298,16.6582
908,1.47389,0.0419073,-0.601041,0.000731708,0.016714,0.00269361,-0.41524,0.127219,0.966622,-0.176455,0.963891,0.477937,0.609637,0.152648,16.6615
909,-0.178677,0.0449249,-0.341206,0.0111884,0.000145009,0.00887401,0.895036,0.360295,-0.259375,0.0426863,0.547271,0.053616,0,0.310509,16.6897
910,-82.8184,54.2956,-41.9489,0.230751,0.0866603,0.000591553,0.968176,0.102627,0.0257668,-0.2268,6.24726,2.55737e-42,6.24736,0.179045,16.7044
911,-1.24289,-3.37914,1.95647,0.0144812,0.00919142,0.000652175,0.814559,0.405232,0.319522,-0.264926,3.39187,2.47189e-42,1.2591,0.00392011,16.7195
912,-0.870884,-0.519487,-0.546764,6.85554e-05,0.000448972,0.00372994,0.00505089,-0.0478171,0.00673049,0.884039,0,0,0,0.381023,16.7294
913,-6.52385,-1.00699,-0.917018,0.00268169,0.0332136,0.0136113,-0.23872,-0.197834,0.909685,0.0554678,6.3075,2.56438e-42,6.3083,0.260759,16.7303
914,-66.9519,85.9862,-37.0593,0.107608,0.0263838,0.010253,0.932148,-0.13119,0.322013,-0.100981,6.8966,2.54896e-42,6.89674,0.274259,16.7403
915,0.989607,-13.1946,-3.65809,0.000278064,0.0108965,0.0343509,-0.0668455,-0.0126411,0.948842,0.0663113,0.806467,0.758961,0.759905,0.147602,16.7574
916,1.06944,2.84953,2.03653,0.0343828,0.0702739,0.0108102,-0.249042,0.0769652,0.161164,0.972366,0.930796,0.916514,0.780194,0.0201766,16.7974
917,0.8349,1.86508,0.12178,0.000190923,0.0256271,0.00170111,-0.422285,-0.200794,0.958189,-0.0835323,0.496199,0.791797,0.815097,0.295998,16.843
918,1.28586,-0.994579,-0.0745748,0.00264818,0.00113339,0.0162085,0.941548,0.0427344,-0.172253,-0.286339,0.778811,0.510096,0.589152,0.730433,16.8455
919,0.299195,-1.70428,-2.52774,0.00340299,0.00548479,0.021745,0.956201,0.172957,-0.228777,0.058543,0.2312,0.255123,0.279491,0.635148,16.8586
920,-62.1942,-9.84001,0.876988,0.101849,0.0375665,0.0145156,0.375933,-0.354342,0.857302,0.459276,6.90273,0,0,0.515949,16.8791
921,-1.26251,-0.0971221,-1.09888,0.0124054,0.000936484,7.70467e-05,-0.0269556,0.128848,0.997104,-0.0721721,0,0,0,0.560628,16.8805
922,-1.48722,-2.02511,-1.02396,0.00603067,0.00984521,0.0007256,0.185068,0.906832,0.0969682,0.409947,0.95093,0.600365,0.715765,0.608096,16.9259
923,-5.10108,0.843355,0.102538,0.00249671,0.00117669,0.0328338,-0.384898,0.6642,0.553921,0.482099,0.165338,0.132142,0,0.942277,16.9435
924,-0.581491,-0.780788,-0.354927,0.000539831,0.00606757,0.00112617,-0.0397158,-0.179589,0.951037,-0.223377,0.607941,0.690958,0.643314,0.482286,16.9483
925,-0.0201507,0.664564,-0.133697,0.010394,0.000392146,0.00453603,-0.176799,-0.0184759,0.65166,-0.412282,1.41841,1.34018,1.22519,0.684693,17.0148
926,-0.732445,-0.547511,0.763152,0.00107961,2.83076e-05,0.00320999,0.262998,0.123714,-0.209381,0.945919,1.04778,1.00059,0.310238,0.536491,17.0252
927,5.30333,-1.04358,12.2121,0.052559,0.0175378,0.0155562,-0.298703,0.921994,0.0337048,0.385593,0.770536,0.758864,0.69225,0.474035,17.0255
928,0.634517,-0.810829,-1.64465,5.1345e-05,0.00731268,0.0143599,0.0316057,0.950052,0.0504273,-0.291248,0.35551,0.140281,0.524129,0.737871,17.0432
929,-56.2143,-2.31365,-2.77097,0.124043,0.260642,0.11041,-0.15711,0.0514497,0.957369,0.0317665,1.60287,0.4422,0.626956,0.991068,17.0557
930,-1.15078,0.758196,-0.860375,0.0142899,0.0524816,0.00221071,0.980692,0.0976009,-0.163612,0.0441492,0.750223,0.756784,0.726024,0.0406167,17.0596
931,-2.09429,-0.203166,-1.48152,0.00636917,0.00086085,0.00512879,-0.0636403,-0.0237979,-0.0663819,0.986617,1.00729,1.02596,1.19977,0.259773,17.085
932,7.17797,-0.239435,3.5177,0.0130512,0.031691,0.00178119,-0.403188,0.287287,-0.175777,0.952397,1.80227,1.66881,1.56896,0.599888,17.0946
933,1.99036,0.735714,0.388366,0.000261764,0.0135155,0.000370433,0.143402,0.981519,-0.00721451,-0.137225,0.144476,0.148481,0.153996,0.545436,17.1163
934,-2.96166,1.75442,-0.766727,0.00516622,0.00678618,0.00389449,0.00554089,0.992977,0.0880461,0.018492,2.56438e-42,0.86748,0.83464,0.325416,17.1199
935,7.99836,-2.66791,11.6289,0.100794,0.0150364,0.000602505,-0.417721,0.0995356,-0.316654,0.905282,0.0946601,0.0475855,0.117685,0.255213,17.1397
936,-2.40777,-0.0195899,-3.97707,0.0260088,0.00710103,0.000405105,-0.122333,0.937179,-0.155886,-0.289783,2.56438e-42,9.44297,2.56438e-42,0.959359,17.1401
937,-0.479813,-0.323957,-3.24906,0.0110825,0.00184751,0.0113597,0.694005,0.499066,-0.294083,0.427557,0.490255,0.368647,0.0619693,0.0708174,17.1537
938,-0.230388,-0.786337,-2.57432,0.00939861,0.000257647,0.00582663,0.0465896,0.499941,-0.446151,-0.602066,0.321492,0.180079,0.383708,0.998718,17.162
939,0.682794,-0.911816,0.503967,0.0367895,0.000917387,0.00417553,-0.305908,0.139796,0.348193,0.942149,0.247998,0.139369,0,0.99938,17.168
940,-3.45802,-12.9673,-1.91313,0.0151392,0.0107803,0.0160647,-0.400698,-0.0336139,0.882091,-0.0324408,1.19102,0.767563,0.775923,0.258183,17.1697
941,-37.3605,-2.25282,-12.8122,0.00744353,0.00171644,0.308766,0.963234,-0.17933,-0.0112785,-0.199735,1.81084,1.80253,1.65585,0.142107,17.1836
942,5.03408,2.42597,0.490496,0.000992728,0.0231177,0.00528598,0.39426,0.0501813,0.156067,0.961227,1.80788,0.0989046,0,0.41461,17.1848
943,-51.9442,-91.7675,31.457,0.000611507,0.0289966,0.0802144,0.117633,-0.0305665,0.858609,-0.0195146,0.835812,2.61482e-42,0.835941,0.768377,17.1922
944,2.32238,0.199142,2.15973,0.00653817,0.0177261,0.00187716,0.959884,-0.0793853,-0.260763,0.0657471,1.09679,1.15346,0.887566,0.0707487,17.2173
945,-0.478134,1.9516,1.46406,0.0171708,0.00254477,4.33591e-05,-0.0762961,0.141933,0.238196,0.862034,0,0.0770825,0.475652,0.795966,17.219
946,-3.06249,0.92755,1.33227,0.0152956,0.00022799,0.0296126,0.0304763,0.187168,0.945311,-0.209846,1.51563,1.54088,1.47039,0.18207,17.2226
947,31.4956,-36.5196,-68.628,0.0426663,0.0533865,0.0115092,0.866605,-0.0677469,-0.130998,0.476702,1.33823,2.56297e-42,1.33865,0.95823,17.2244
948,-10.2919,0.589962,-0.442582,0.00272344,0.00228597,0.0504589,0.179675,-0.0199488,0.99529,-0.0859131,2.15376,2.12666,2.1441,0.122075,17.2373
949,0.880458,1.79744,-0.372447,0.00214295,0.00741124,0.00165715,-0.0284136,0.306444,-0.0178842,0.692775,0.436875,0.632496,0.9854,0.0132283,17.272
950,-0.168552,1.111,-0.279037,0.00858754,0.00304516,0.0323948,0.918425,-0.162561,-0.350764,0.0838651,1.00154,1.34791,0.861367,0.745997,17.2772
951,-0.961633,2.03999,0.686805,0.0139487,0.000471768,0.00172692,-0.127702,-0.135576,0.991124,-0.104202,0.586453,1.28258,1.25501,0.260821,17.2792
952,-0.49488,-0.568995,-0.325041,0.00347521,0.00116488,7.99301e-06,0.991066,-0.133223,0.00294926,0.00553541,0.982016,0.836964,0.661899,0.9979,17.329
953,0.914955,-0.358295,0.504908,0.0019729,0.0119716,0.000375051,-0.545555,0.787018,0.570004,0.147144,0.00451067,0.277674,0.22904,0.707,17.3489
954,1.47921,-8.46155,-0.324548,0.00267639,0.0213978,0.00675507,0.0639815,0.415759,-0.208765,0.821635,0.550722,0.156541,0.1892,0.998854,17.3556
955,-1.95292,13.0193,-1.84478,0.0793083,0.00979455,0.0512262,-0.226881,-0.0560578,0.784766,0.218203,0,0,4.23897,0.215348,17.3798
956,1.17807,1.4515,0.583319,0.00185812,0.000343462,0.0424732,0.283684,-0.168372,0.931924,0.100106,0,0,0,0.995308,17.396
957,-0.0754015,12.428,0.225638,0.00333795,0.0404352,0.0631742,-0.171418,0.216157,0.232182,0.975178,0,1.67154,1.8466,0.275969,17.4221
958,-3.64206,0.937211,0.726982,0.00550652,0.00147787,0.0489154,-0.114603,0.995292,-0.0883298,-0.0312497,1.273,1.23318,1.17839,0.484623,17.4345
959,3.02073,0.325472,2.5962,0.0190368,0.00775398,0.106851,-0.10093,0.872225,0.47315,-0.122577,1.13411,1.08913,0.621397,0.619961,17.4763
960,0.679379,-1.17879,-4.24468,0.00153191,0.00643644,0.0162563,-0.0573074,0.279115,-0.143517,0.974389,0.251373,0.24777,1.35674,0.802116,17.484
961,0.055898,-0.103844,-1.34451,0.00748156,0.000599541,0.00905092,0.775107,0.369283,-0.111406,-0.500428,0,0,0.957571,0.0322603,17.5244
962,0.520443,0.686483,1.79608,0.0153213,0.00997462,0.0235764,0.304372,0.928209,-0.221601,-0.117247,0.512393,0.610711,0.484344,0.00391648,17.5549
963,-0.186573,1.62072,-1.01305,0.00947824,0.000155937,0.00278456,-0.0810267,0.564836,-0.635845,0.475825,0.0774373,0.105891,0.147704,0.612524,17.6125
964,1.49625,0.874573,-0.687502,0.00611384,0.00437978,0.00424964,-0.577114,0.971453,-0.144544,0.00448822,0.368911,0,0,0.353608,17.65
965,-1.5149,-0.16163,-0.43218,0.0102095,0.00583637,0.0241575,0.230901,-0.319529,0.96198,0.0548295,0.836803,1.05487,0.645867,0.999699,17.7128
966,24.0641,-5.29585,5.06699,0.0542853,0.116094,0.0108114,0.996707,-0.0293278,-0.0754381,0.00488525,6.2608,2.61763e-42,6.26368,0.466045,17.9051
967,1.47191,-2.60237,-1.01747,0.00359249,0.0201782,0.00543555,-0.0458115,0.250228,-0.210402,0.943034,0.715734,0.872306,0.879038,0.0500807,17.9997
968,0.110217,9.05829,148.132,0.0455841,0.236234,0.403022,0.932645,-0.197775,0.301658,-0.00775193,0,0,4.2393,0.832294,18.0355
969,-0.988554,0.41607,-0.532556,4.60952e-05,0.000279425,0.0183673,-0.172573,0.802168,-0.418067,-0.423354,0.806434,1.22479,1.0317,0.437031,18.1035
970,0.576337,-0.209926,0.14394,0.00301277,0.00705041,0.00529119,-0.0530761,0.996318,-0.0791904,-0.0276215,0.389597,0.742313,0.773145,0.216621,18.1133
971,-10.1183,0.196494,2.86543,0.0119532,0.00868205,0.281434,0.0454608,0.553393,-0.320375,-0.583465,1.08318,0.981749,0.995812,0.0179244,18.2193
972,-1.36767,-0.920112,0.0137119,0.018868,0.000926136,0.00632479,-0.214646,0.0044807,0.972155,-0.202323,0.577529,0.55626,0.707921,0.389701,18.2518
973,0.562022,-2.01807,1.2457,0.000198715,0.00139879,0.000297351,-0.408982,0.26851,0.835874,-0.0312161,1.28928,1.27067,0.877162,0.873933,18.2977
974,-1.27079,-1.285,-0.766834,0.00111339,0.00387604,0.0190637,0.172833,0.299436,0.00614243,0.917994,0.681,0.784216,0.814584,0.996597,18.3169
975,-79.5049,-20.6224,-0.1968,0.0542563,0.0249528,0.0151064,-0.254195,-0.31028,0.989626,-0.106691,0.773088,2.12164,2.0486,0.490706,18.3362
976,-5.12649,0.297676,4.18031,0.0173114,0.0327659,0.00283648,-0.328221,-0.357869,0.024921,0.975053,1.05397,1.28222,1.68816,0.401761,18.365
977,-7.64828,3.71759,-1.00506,0.116106,6.7195e-05,0.109617,0.969493,0.0727299,-0.211851,0.0995664,1.22613,0.584839,0.626801,0.206184,18.4197
978,-0.489331,-0.721134,-0.627052,0.00196753,0.0130175,0.00161055,-0.4648,0.0834684,0.799571,-0.302206,0,0.350888,0.125972,0.963901,18.6322
979,-42.5026,-83.8309,1.96695,0.19195,0.0930609,0.0374956,0.0252415,0.95258,-0.164359,0.189132,2.53915e-42,0.713851,2.53915e-42,0.350424,18.6675
980,2.32785,1.81832,0.202542,0.0144755,0.000589438,0.0304825,0.868425,0.10423,-0.437237,-0.209277,0.533387,0,0,0.321562,18.9513
981,1.05022,2.70843,0.187065,0.00672556,0.00213945,0.00178689,-0.0303146,0.879814,0.33442,0.140476,0.722146,0.443449,0.391092,0.157774,19.13
982,-1.57713,-2.6961,0.90283,0.00597577,0.000220449,0.00120839,-0.15437,0.964562,-0.0697474,0.241043,1.20568,1.34515,1.326,0.668825,19.1762
983,1.46208,2.54715,0.75223,0.00581744,0.0289754,0.000616237,0.0601137,0.895909,0.209422,-0.371108,0,1.11036,1.08036,0.2172,19.2048
984,1.71681,0.0256308,1.59864,0.0627523,0.00320557,0.00237706,-0.00460587,0.848583,-0.0300583,0.528178,0,0.249531,0.431489,0.187622,19.2129
985,1.52623,3.02272,-0.228557,0.156386,0.0197586,0.073383,0.0855327,-0.702481,0.0190522,0.837289,0.773178,3.57147,2.61763e-42,0.592789,19.232
986,0.68619,0.691211,-1.75644,0.00168286,0.000402407,0.00138514,0.231263,0.883173,-0.137684,0.297315,0.851174,0.786296,0.565952,0.336413,19.2379
987,-65.6646,10.7768,-2.14747,0.45364,0.0998738,0.0453749,0.131312,0.7488,-0.049576,0.0854099,2.61763e-42,0.695414,0.668818,0.562297,19.2567
988,-14.7374,-0.293327,-4.56209,0.0197899,0.000255118,0.00894715,-0.113761,-0.0893113,0.993186,0.0247577,1.22771,1.17124,1.09481,0.0979686,19.3509
989,0.717022,-0.433134,-2.77158,0.000903019,0.0108875,0.0765836,0.936692,-0.345341,0.0215666,-0.0536964,0.875807,0.826527,0.489923,0.111099,19.3644
990,-20.5062,-61.8652,38.861,0.0449023,0.196966,0.00218319,0.953049,0.292382,-0.0709407,-0.0343318,2.04741,2.61763e-42,2.04977,0.606587,19.3823
991,-1.59956,-21.9347,-4.25754,0.00387609,0.0785249,0.00489633,0.9661,-0.137098,0.186091,0.114998,1.1709,0.600796,0.743934,0.297949,19.6141
992,-3.83541,0.823768,-0.0733052,0.0358646,0.00548572,0.00412825,-0.438268,0.237319,-0.218363,0.988979,0,0,0.0911314,0.195868,19.6681
993,-2.9776,1.15349,-0.225282,0.00180591,0.00631003,0.033996,0.558015,-0.175177,0.915149,0.279527,0.83077,1.29397,1.11275,0.213676,19.7672
994,0.0716485,-2.92803,0.32173,0.0245906,0.000691242,0.0115714,-0.0897821,0.71364,-0.0768124,0.688682,0.534536,0.223226,0.24358,0.0283584,19.8618
995,-1.55268,0.880498,0.862643,0.0720562,0.00201091,0.00290392,0.655777,-0.559196,-0.467223,0.197382,0.576271,0.671773,0.845788,0.0403632,19.8847
996,0.169189,0.945627,2.22438,0.000784188,0.00226038,0.0160156,-0.189843,-0.0958333,0.995543,0.0925543,0,0.11013,0.205998,0.140538,19.9207
997,-0.593739,1.57773,-0.807725,0.0242046,0.00248777,0.0615866,0.387151,-0.0683086,0.877324,0.443129,0.175041,0,0.444839,0.974553,19.9615
998,-1.32969,-13.1925,-2.77615,0.000573249,0.297239,0.309305,-0.132544,-0.187263,0.954498,0.114834,0.702092,1.03249,1.01036,0.13654,20.4373
999,0.667765,0.00716175,-1.25014,0.00171463,0.00329843,0.417586,0.053746,-0.139917,0.715932,0.938969,0.455177,0.417118,0,0.214752,20.6042
1000,1.17145,-0.604641,1.48312,0.0303825,0.00135293,0.000261697,-0.16215,0.57046,0.835069,-0.357884,0.854566,0.726135,0.581056,0.233603,20.6897
1001,-1.51884,3.71798,-12.7137,0.0576955,0.149824,0.101841,-0.131499,-0.373885,-0.375388,0.980334,0.518712,0,0.500324,0.106631,20.7024
1002,0.914547,1.79307,-0.150328,0.00079333,0.0013518,0.000234212,0.91696,-0.189299,-0.344739,0.0671251,0.866548,0,0,0.233629,20.7428
1003,1.62696,0.684504,0.462999,0.0116822,0.000918329,0.0128976,0.882172,-0.362194,0.127564,0.272608,1.49056,1.47746,1.51254,0.293787,20.8333
1004,-1.028,-3.98518,0.841878,1.1347e-05,0.0144614,0.000261745,-0.326731,-0.169047,0.716154,0.465213,0.262958,0.666014,0.752293,0.0573391,21.0287
1005,2.30552,0.336617,1.13937,0.00465762,0.00190817,0.0017606,-0.0943083,0.828249,-0.123957,0.528217,1.05377,1.31311,1.20452,0.124961,21.1244
1006,11.9052,-5.36836,-14.0654,0.000125282,0.17681,0.328384,0.373366,0.342966,-0.170087,0.84501,1.66049,0.695317,0.504834,0.18881,21.2504
1007,-1.56558,-0.317023,-3.5555,0.000722366,0.0384254,0.000362299,-0.0394865,0.143901,0.115339,0.877789,2.61062e-42,0.721617,2.61062e-42,0.68484,21.4589
1008,1.93287,-0.14685,1.40789,0.000453704,0.0052236,0.00306115,0.0692845,0.933469,0.339975,0.100027,0.776552,0.556175,0.600192,0.214785,21.4977
1009,-0.987287,-2.16794,0.350972,0.0175856,0.0644432,0.0279743,0.889243,-0.165693,0.383553,-0.186225,0.314101,0.056146,0.0273661,0.0999655,22.2764
1010,-2.70529,0.473686,-0.783526,0.00183073,0.0216505,0.00519231,-0.0716497,-0.443247,0.0656033,0.606987,0.168142,0.17407,0.223464,0.18743,23.1427
